job_title,seniority_level,status,company,location,post_date,headquarter,industry,ownership,company_size,revenue,salary,skills,salary_clean,revenue_clean,company_size_clean
data scientist,senior,hybrid,company_003,"Grapevine, TX . Hybrid",17 days ago,"Bentonville, AR, US",Retail,Public,€352.44B,Public,"€100,472 - €200,938","['spark', 'r', 'python', 'scala', 'machine learning', 'tensorflow']",1.00E+11,0,35244
data scientist,lead,hybrid,company_005,"Fort Worth, TX . Hybrid",15 days ago,"Detroit, MI, US",Manufacturing,Public,"155,030",€51.10B,"€118,733","['spark', 'r', 'python', 'sql', 'machine learning']",118733,51.1,155030
data scientist,senior,on-site,company_007,"Austin, TX . Toronto, Ontario, Canada . Kirkland, WA . Orlando, FL . Edmonton, Alberta, Canada + 1 More",a month ago,"Redwood City, CA, US",Technology,Public,"25,930",€33.80B,"€94,987 - €159,559","['aws', 'git', 'python', 'docker', 'sql', 'machine learning', 'gcp', 'kubernetes', 'deep learning']",94987159559,33.8,25930
data scientist,senior,hybrid,company_008,"Chicago, IL . Scottsdale, AZ . Austin, TX . Hybrid",8 days ago,"San Jose, CA, US",Technology,Public,"34,690",€81.71B,"€112,797 - €194,402","['sql', 'r', 'python']",1.13E+11,81.71,34690
data scientist,Uknown,on-site,company_009,On-site,3 days ago,"Stamford, CT, US",Finance,Private,"1,800",Private,"€114,172 - €228,337",[],1.14E+11,0,1800
data scientist,lead,uknown,company_013,"New York, NY",3 months ago,"New York, NY, US",Technology,Private,150,€2.16B,"€196,371 - €251,170","['scikit-learn', 'python', 'scala', 'sql', 'machine learning', 'tensorflow']",1.96E+11,2.16,150
data scientist,junior,uknown,company_014,"Berkeley, CA",15 days ago,"Berkeley, CA, US",Education,uknown,"17,471",Education,"€51,330 - €70,144",[],5133070144,0,17471
machine learning engineer,senior,on-site,company_015,"Menlo Park, CA",9 days ago,"Menlo Park, CA, US",Technology,Public,900,Public,"€121,480 - €132,440",['machine learning'],1.21E+11,0,900
data scientist,senior,remote,company_019,Fully Remote,6 days ago,"Boston, MA, US",Technology,Private,126,Private,"€207,331",[],207331,0,126
data scientist,senior,on-site,company_021,On-site,a day ago,"San Francisco, CA, US",Technology,Public,"5,520",€61.06B,"€219,201",[],219201,61.06,5520
data scientist,senior,uknown,company_022,"Atlanta, GA",15 days ago,"Charlotte, NC, US",Technology,Public,"103,010",€128.13B,"€96,815","['pytorch', 'r', 'python', 'sql', 'machine learning', 'keras', 'deep learning', 'tensorflow']",96815,128.13,103010
data scientist,midlevel,uknown,company_027,Greater Vancouver Metropolitan Area,6 days ago,"Vancouver, BC, CA",Education,uknown,240,Education,"€62,697 - €89,293","['java', 'git', 'python']",6269789293,0,240
data scientist,senior,remote,company_029,"Minneapolis, MN . Fully Remote",8 days ago,"Golden Valley, MN, US",Manufacturing,Public,"21,030",€43.18B,"€99,464 - €165,954","['sql', 'machine learning', 'python']",99464165954,43.18,21030
data scientist,senior,on-site,company_031,"Titusville, NJ . Titusville, New Jersey, United States",19 days ago,"New Brunswick, NJ, US",Healthcare,Public,"128,890",€413.02B,"€112,343 - €117,823","['sql', 'machine learning', 'r', 'python']",1.12E+11,413.02,128890
data scientist,senior,on-site,company_034,"Arlington, VA",a month ago,"Baltimore, MD, US",Technology,Private,45,Private,"€127,867 - €150,700","['pandas', 'powerbi', 'python', 'java', 'sql', 'machine learning', 'tableau']",1.28E+11,0,45
data scientist,senior,remote,company_037,Fully Remote,14 days ago,"San Francisco, CA, US",Finance,Private,300,Private,"€134,266",[],134266,0,300
data scientist,lead,uknown,company_038,"Bengaluru, Karnataka, India",6 days ago,"Kista, SE",Technology,Public,"132,000",€17.41B,"€52,746","['spark', 'aws', 'r', 'python', 'machine learning', 'gcp', 'deep learning', 'hadoop', 'azure']",52746,17.41,132000
data scientist,lead,on-site,company_039,"Charlotte, NC . On-site",8 days ago,"San Francisco, CA, US",Finance,Public,"257,150",€163.38B,"€126,956 - €198,196","['aws', 'r', 'python', 'sql', 'machine learning', 'azure', 'tableau']",1.27E+11,163.38,257150
data scientist,senior,remote,company_040,Fully Remote,13 days ago,"San Francisco, CA, US",Education,Private,130,€1.29B,"€185,412 - €228,338",[],1.85E+11,1.29,130
machine learning engineer,junior,uknown,company_041,"Basel, Basel, Switzerland",19 days ago,"BS, CH",Healthcare,Public,"93,580",€247.18B,"€80,123","['pytorch', 'python', 'machine learning', 'deep learning', 'tensorflow']",80123,247.18,93580
data scientist,senior,on-site,company_043,"Toronto, Ontario, Canada . On-site",8 days ago,"Toronto, ON, CA",Finance,Public,"44,010",Public,"€72,611","['pytorch', 'spark', 'git', 'r', 'python', 'sql', 'machine learning', 'tensorflow']",72611,0,44010
data scientist,senior,on-site,company_044,"Findlay, OH . Denver, CO . San Antonio, TX",8 days ago,"Findlay, OH, US",Energy,Public,"11,610",€51.40B,"€95,265 - €164,221","['pytorch', 'scikit-learn', 'python', 'machine learning', 'deep learning', 'tensorflow']",95265164221,51.4,11610
data scientist,senior,on-site,company_045,"Toronto, Ontario, Canada",6 days ago,"Toronto, ON, CA",Technology,Private,300,Private,"€85,044","['airflow', 'spark', 'machine learning', 'python']",85044,0,300
data scientist,senior,uknown,company_046,"San Francisco, CA",3 months ago,"San Francisco, CA, US",Technology,Private,100,€913.33M,"€146,141 - €210,074",[],1.46E+11,913.33,100
data scientist,lead,uknown,company_047,"Bengaluru, Karnataka, India",a month ago,"Bengaluru, KA, IN",Technology,Public,"222,070",€24.36B,"€10,049","['deep learning', 'machine learning']",10049,24.36,222070
data scientist,Uknown,remote,company_048,"Remote, US . Fully Remote",3 months ago,"San Francisco, CA, US",Technology,Private,340,€1.49B,"€91,335 - €109,601",[],91335109601,1.49,340
data scientist,senior,uknown,company_049,"Huntsville, AL . Merritt Island, FL . Seattle, WA",15 days ago,"Kent, WA, US",Technology,Private,"3,780",Private,"€125,171 - €175,240","['aws', 'git', 'r', 'python', 'docker', 'machine learning', 'kubernetes', 'deep learning', 'azure']",1.25E+11,0,3780
data scientist,senior,uknown,company_050,"San Francisco, CA",8 days ago,"San Francisco, CA, US",Education,Private,807,€3.45B,"€150,707","['sql', 'machine learning', 'r', 'python']",150707,3.45,807
data scientist,senior,on-site,company_051,"Laurel, MD",a month ago,"Laurel, MD, US",Technology,uknown,"8,010",Education,"€210,071",['python'],210071,0,8010
machine learning engineer,senior,uknown,company_052,"Amsterdam, North Holland, Netherlands",a month ago,"San Francisco, CA, US",Technology,Public,"26,950",€53.20B,"€72,515","['sql', 'machine learning', 'python']",72515,53.2,26950
data scientist,lead,on-site,company_054,"Richmond, VA . On-site",7 days ago,"Washington, DC, US",Technology,Public,"4,820",€29.92B,"€112,288","['machine learning', 'python']",112288,29.92,4820
data scientist,lead,hybrid,company_057,"Seattle, WA . Hybrid",25 days ago,"Seattle, WA, US",Retail,Public,"157,200",Public,"€132,437","['r', 'python', 'sql', 'machine learning', 'tableau']",132437,0,157200
data scientist,senior,hybrid,company_061,"Manchester, England, United Kingdom . Hybrid",15 days ago,"Manchester, GB",Technology,Public,"1,320",Public,"€45,669 - €63,936","['spark', 'python', 'airflow', 'sql', 'machine learning']",4566963936,0,1320
data scientist,senior,on-site,company_054,"Richmond, VA . On-site",7 days ago,"Washington, DC, US",Technology,Public,"4,780",€30.07B,"€112,291","['machine learning', 'python']",112291,30.07,4780
Uknown,midlevel,uknown,company_064,"Barcelona, Catalonia, Spain",7 days ago,"Barcelona, CT, ES",Technology,uknown,900,Nonprofit,"€28,068","['git', 'r', 'python', 'linux', 'bash']",28068,0,900
data scientist,senior,on-site,company_065,"Toronto, Ontario, Canada",3 days ago,"Cherry Hill, NJ, US",Technology,Private,"26,070",Private,"€83,298 - €124,946","['pandas', 'numpy', 'scikit-learn', 'python', 'sql', 'azure', 'tableau']",83298124946,0,26070
data scientist,senior,hybrid,company_066,"Foster City, CA . Hybrid",3 years ago,"Foster City, CA, US",Technology,Private,"1,790",Private,"€198,201 - €269,440",[],1.98E+11,0,1790
data scientist,senior,hybrid,company_067,"San Francisco, CA, US . Seattle, WA, US . Hybrid",19 days ago,"San Francisco, CA, US",Technology,Public,"5,260",€14.35B,"€260,211",[],260211,14.35,5260
data scientist,lead,uknown,company_069,United States,a month ago,"Chicago, IL, US",Technology,Private,210,Private,"€114,355","['pytorch', 'spark', 'scikit-learn', 'python', 'neural network', 'machine learning', 'deep learning', 'tensorflow']",114355,0,210
data scientist,midlevel,on-site,company_071,"Cambridge, MA",15 days ago,"Cambridge, MA, US",Technology,Public,"9,070",Public,"€144,311 - €198,198","['r', 'python', 'sql', 'machine learning', 'tableau']",1.44E+11,0,9070
data scientist,senior,uknown,company_075,"Atlanta, GA",20 days ago,"Atlanta, GA, US",Technology,Public,"9,030",€49.86B,"€105,035","['sql', 'machine learning', 'tableau', 'python']",105035,49.86,9030
data scientist,senior,remote,company_077,United States . Fully Remote,2 months ago,"Phoenix, AZ, US",Technology,Private,60,Private,"€155,272 - €164,406","['sql', 'machine learning', 'tableau', 'python']",1.55E+11,0,60
data scientist,senior,on-site,company_078,"San Diego, CA",9 days ago,"San Diego, CA, US",Technology,Public,"41,020",€111.15B,"€140,661","['pytorch', 'python', 'docker', 'sql', 'neural network', 'kubernetes', 'tensorflow']",140661,111.15,41020
data scientist,senior,hybrid,company_080,"Toronto, Ontario, Canada . Montreal, Quebec, Canada . Hybrid",8 days ago,"Toronto, ON, CA",Finance,Public,"26,040",Public,"€73,739","['machine learning', 'r', 'python']",73739,0,26040
data scientist,senior,hybrid,company_081,"New York, NY . Hybrid",6 days ago,"San Francisco, CA, US",Technology,Public,"5,050",€4.67B,"€135,178 - €168,971",[],1.35E+11,4.67,5050
data scientist,senior,on-site,company_084,On-site,14 days ago,"Cary, NC, US",Technology,Private,990,€29.17B,"€228,515",[],228515,29.17,990
data scientist,senior,uknown,company_089,"New York, NY",8 days ago,"Washington, DC, US",Finance,Public,"2,290",Public,"€137,007 - €159,840","['aws', 'git', 'python', 'sql', 'machine learning']",1.37E+11,0,2290
machine learning engineer,senior,uknown,company_049,"Seattle, WA",15 days ago,"Kent, WA, US",Technology,Private,"3,810",Private,"€162,184 - €227,055","['pandas', 'pytorch', 'aws', 'python', 'docker', 'machine learning', 'kubernetes', 'deep learning', 'azure', 'tensorflow']",1.62E+11,0,3810
data scientist,senior,hybrid,company_092,"McLean, VA . Hybrid",8 days ago,"Toronto, ON, CA",Technology,Public,"24,040",Public,"€92,833 - €172,402","['java', 'machine learning', 'r', 'python']",92833172402,0,24040
data scientist,lead,on-site,company_093,"Seattle, Washington, United States . On-site",12 days ago,"Seattle, WA, US",Technology,Private,46,Private,"€210,070 - €228,336",[],2.10E+11,0,46
data scientist,senior,uknown,company_094,"Warsaw, Mazowieckie, Poland . Prague, Prague, Czechia . Kyiv, Kyiv City, Ukraine",3 months ago,"Seattle, WA, US",Technology,Private,330,€913.33M,"€67,594 - €86,774","['pandas', 'pytorch', 'r', 'python', 'machine learning', 'tensorflow']",6759486774,913.33,330
data scientist,senior,on-site,company_095,On-site,3 months ago,"Sunnyvale, CA, US",Technology,Private,5,Private,"€123,307 - €191,806",[],1.23E+11,0,5
data scientist,senior,on-site,company_096,"San Francisco, California, United States . On-site",20 days ago,"San Francisco, CA, US",Finance,Private,950,€11.43B,"€219,199 - €273,999",[],2.19E+11,11.43,950
data scientist,Uknown,uknown,company_098,"Bangalore, Karnataka",5 months ago,"Bengaluru, KA, IN",Technology,Private,750,€4.93B,"€41,302",[],41302,4.93,750
data scientist,senior,hybrid,company_099,"Toronto, Ontario, Canada . Hybrid",7 days ago,"Calgary, AB, CA",Technology,Public,"23,860",€27.92B,"€75,128 - €79,194","['sql', 'tableau', 'python']",7512879194,27.92,23860
data scientist,senior,on-site,company_100,"Rock Island, IL . On-site",3 months ago,"Hook, GB",Technology,Public,"28,840",Public,"€77,667 - €129,442","['scikit-learn', 'r', 'python', 'java', 'machine learning']",77667129442,0,28840
data scientist,midlevel,uknown,company_101,"Cambridge, England, United Kingdom",8 days ago,"Cambridge, GB",Education,uknown,"10,933",Education,"€31,175",[],31175,0,10933
data scientist,midlevel,remote,company_103,"Oregon, United States . Fully Remote",4 days ago,"Beaverton, OR, US",Manufacturing,Public,"99,620",€133.03B,"€19,420 - €98,368","['pandas', 'powerbi', 'r', 'python', 'sql', 'neural network', 'machine learning', 'deep learning', 'tableau']",1942098368,133.03,99620
machine learning engineer,senior,uknown,company_106,"Pune, Maharashtra, India",4 days ago,"København, DK",Logistics,Private,"38,090",€34.17B,"€26,757","['spark', 'aws', 'powerbi', 'python', 'docker', 'sql', 'machine learning', 'gcp', 'kubernetes', 'deep learning', 'azure']",26757,34.17,38090
data scientist,senior,uknown,company_089,"Denver, CO",8 days ago,"Washington, DC, US",Finance,Public,"2,300",Public,"€137,005 - €159,838","['aws', 'git', 'python', 'sql', 'machine learning']",1.37E+11,0,2300
data scientist,senior,on-site,company_112,"San Francisco, California, United States . On-site",a month ago,"San Francisco, CA, US",Technology,Private,420,€5.10B,"€148,808",[],148808,5.1,420
data scientist,lead,on-site,company_113,"Charlotte, NC",8 days ago,"Mooresville, NC, US",Retail,Public,"118,910",Public,"€101,935 - €193,633","['sql', 'deep learning', 'machine learning']",1.02E+11,0,118910
data scientist,senior,hybrid,company_115,"Bengaluru, Karnataka, India . Hybrid",a month ago,"Frankfurt am Main, HE, DE",Finance,Public,"68,400",Public,"€24,205","['pytorch', 'aws', 'python', 'sql', 'gcp', 'azure', 'tensorflow']",24205,0,68400
data scientist,senior,uknown,company_116,"Chennai, Tamil Nadu, India",2 days ago,"Dearborn, MI, US",Technology,Public,"187,540",€51.93B,"€13,886","['pandas', 'numpy', 'pytorch', 'powerbi', 'git', 'scikit-learn', 'python', 'java', 'sql', 'neural network', 'gcp', 'machine learning', 'matplotlib', 'tensorflow']",13886,51.93,187540
data scientist,senior,on-site,company_119,"Menlo Park, CA . On-site",15 days ago,"West Menlo Park, CA, US",Finance,Public,"3,810",€7.94B,"€163,491 - €191,804",[],1.63E+11,7.94,3810
data scientist,midlevel,uknown,company_014,"Berkeley, CA",15 days ago,"Berkeley, CA, US",Education,uknown,"17,451",Education,"€82,193 - €122,141","['machine learning', 'database']",82193122141,0,17451
data scientist,senior,remote,company_121,"Remote, United States . Fully Remote",a month ago,"San Francisco, CA, US",Technology,Private,"1,290",€3.17B,"€134,541 - €174,088",[],1.35E+11,3.17,1290
data scientist,senior,on-site,company_100,"Rock Island, IL . On-site",3 months ago,"Hook, GB",Technology,Public,"28,810",Public,"€77,671 - €129,446","['scikit-learn', 'r', 'python', 'java', 'machine learning']",77671129446,0,28810
data scientist,senior,remote,company_067,"San Francisco, CA, US . Remote, US . Fully Remote",4 days ago,"San Francisco, CA, US",Technology,Public,"5,320",€14.20B,"€306,623",[],306623,14.2,5320
data scientist,senior,uknown,company_126,United States,15 days ago,"San Francisco, CA, US",Finance,Private,30,Private,"€28,501",[],28501,0,30
data scientist,senior,remote,company_021,Fully Remote,a day ago,"San Francisco, CA, US",Technology,Public,"5,550",€60.91B,"€255,732",[],255732,60.91,5550
data scientist,Uknown,remote,company_129,Fully Remote,8 days ago,"New York, NY, US",Finance,Private,45,Private,"€91,335 - €228,333",[],91335228333,0,45
data scientist,senior,uknown,company_022,"Pittsburgh, PA",7 days ago,"Charlotte, NC, US",Technology,Public,"103,070",€128.23B,"€96,819","['python', 'java', 'sql', 'kubernetes', 'azure']",96819,128.23,103070
data scientist,senior,on-site,company_134,"Seattle, WA . Seattle, Washington, États-Unis . Seattle, Washington, USA",a month ago,"Seattle, WA, US",Retail,Public,"865,416",€832.86B,"€219,201","['amazon', 'r', 'python', 'machine learning', 'deep learning']",219201,832.86,865416
machine learning engineer,Uknown,on-site,company_135,"Taipei, Taiwan . On-site",a day ago,TW,Technology,Private,530,Private,"€36,340",[],36340,0,530
data scientist,senior,hybrid,company_137,"Denver, CO . Hybrid",a month ago,"Denver, CO, US",Technology,Private,900,€913.33M,"€138,833","['spark', 'r', 'python', 'database', 'machine learning']",138833,913.33,900
data scientist,senior,remote,company_141,"Fort Worth, TX",a month ago,"Bethesda, MD, US",Technology,Public,"108,670",€116.78B,"€100,470 - €132,436",['machine learning'],1.00E+11,116.78,108670
data scientist,senior,hybrid,company_145,"Austin, Texas . Hybrid",a day ago,"San Jose, CA, US",Technology,Public,"2,760",Public,"€200,936",[],200936,0,2760
data scientist,senior,hybrid,company_146,"Toronto, ON . Hybrid",11 days ago,"San Francisco, CA, US",Finance,Private,780,€11.80B,"€153,442 - €210,981",[],1.53E+11,11.8,780
data scientist,senior,uknown,company_148,"Orlando, FL",5 days ago,"Charlotte, NC, US",Finance,Public,"14,090",€55.90B,"€88,185","['spark', 'r', 'python', 'sql', 'hadoop', 'machine learning']",88185,55.9,14090
data scientist,senior,on-site,company_153,United States,15 days ago,"San Jose, CA, US",Technology,Private,900,Private,"€203,676 - €253,909","['pytorch', 'spark', 'aws', 'scikit-learn', 'python', 'docker', 'deep learning', 'java', 'sql', 'machine learning', 'gcp', 'kubernetes', 'hadoop', 'azure', 'tensorflow']",2.04E+11,0,900
data scientist,lead,remote,company_155,"All, MO",15 days ago,"Chicago, IL, US",Technology,Public,"2,570",Public,"€146,133 - €182,666","['aws', 'scikit-learn', 'python', 'sql', 'machine learning', 'tensorflow']",1.46E+11,0,2570
machine learning engineer,Uknown,on-site,company_156,"Mountain View, California (HQ) . On-site",8 days ago,"Mountain View, CA, US",Technology,Private,900,€8.10B,"€138,826 - €208,239",[],1.39E+11,8.1,900
data scientist,senior,on-site,company_158,"Reston, VA",4 days ago,"Falls Church, VA, US",Technology,Private,"21,690",Private,"€167,600 - €225,989","['aws', 'git', 'python', 'java', 'kubernetes', 'machine learning']",1.68E+11,0,21690
data scientist,senior,remote,company_159,Fully Remote,2 months ago,"Roseville, CA, US",Technology,Private,900,€11.41B,"€133,351 - €155,271",[],1.33E+11,11.41,900
data scientist,senior,hybrid,company_164,"Redwood City, US, California . Hybrid",2 months ago,"München, BY, DE",Technology,Private,"2,010",€12.32B,"€149,786 - €195,453",[],1.50E+11,12.32,2010
data scientist,senior,on-site,company_166,"Veldhoven, North Brabant, Netherlands . On-site",21 days ago,"Veldhoven, NB, NL",Technology,Public,"24,780",€173.21B,"€82,371",['r'],82371,173.21,24780
data scientist,senior,remote,company_169,Fully Remote,4 days ago,"San Francisco, CA, US",Technology,Public,"4,080",€7.84B,"€224,774",[],224774,7.84,4080
data scientist,senior,uknown,company_170,"Ridgefield, CT",10 days ago,"Ingelheim am Rhein, RP, DE",Technology,Public,"52,060",Public,"€127,874 - €202,766","['pytorch', 'git', 'scikit-learn', 'python', 'docker', 'kubernetes', 'machine learning', 'tensorflow']",1.28E+11,0,52060
data scientist,senior,uknown,company_171,"Pune, Maharashtra, India",15 days ago,"Armonk, NY, US",Technology,Public,"524,608",€119.43B,"€27,274 - €52,695","['pandas', 'pytorch', 'r', 'python', 'java', 'database', 'keras', 'machine learning', 'matplotlib', 'tensorflow']",2727452695,119.43,524608
data scientist,Uknown,on-site,company_173,"San Mateo, CA . On-site",a month ago,"Burlingame, CA, US",Technology,Private,126,Private,"€109,602 - €123,302",[],1.10E+11,0,126
data scientist,senior,on-site,company_176,On-site,11 days ago,"Mountain View, CA, US",Technology,Public,"2,790",Public,"€117,189 - €185,414",[],1.17E+11,0,2790
data scientist,senior,on-site,company_177,"Omaha, NE . Newport Beach, CA . Massachusetts, United States",a month ago,"Newport Beach, CA, US",Finance,Public,"4,010",Public,"€149,445 - €182,654","['scikit-learn', 'python', 'sql', 'machine learning', 'tensorflow']",1.49E+11,0,4010
data scientist,senior,on-site,company_178,"Torrance, CA",3 days ago,"Torrance, CA, US",Technology,Public,"10,100",€36.69B,"€63,942","['spark', 'r', 'python', 'hadoop', 'machine learning']",63942,36.69,10100
data scientist,senior,hybrid,company_179,"Los Angeles, CA . United States . San Francisco, CA . Hybrid",20 days ago,"Collingwood, VIC, AU",Technology,Private,150,€1.44B,"€182,668 - €214,634",['amazon'],1.83E+11,1.44,150
data scientist,midlevel,remote,company_181,"San Francisco, CA",8 days ago,"San Francisco, CA, US",Technology,Public,"1,290",Public,"€90,877 - €141,566","['tableau', 'sql', 'r', 'python']",90877141566,0,1290
data scientist,senior,hybrid,company_182,"Navi Mumbai, Maharashtra, India . Hybrid",a month ago,"Chicago, IL, US",Finance,Public,"9,920",Public,"€15,542","['pandas', 'numpy', 'pytorch', 'scikit-learn', 'python', 'docker', 'scipy', 'sql', 'machine learning', 'deep learning', 'matplotlib', 'tensorflow']",15542,0,9920
data scientist,senior,hybrid,company_183,"Tallinn, Harjumaa, Estonia . Hybrid",15 days ago,"Tallinn, EE",Technology,Private,"3,770",Private,"€61,772","['pandas', 'numpy', 'spark', 'aws', 'scikit-learn', 'python', 'docker', 'airflow', 'sql', 'machine learning', 'deep learning']",61772,0,3770
data scientist,senior,on-site,company_184,"New York, NY",8 days ago,"New York, NY, US",Retail,Public,"130,040",€5.18B,"€137,004",['machine learning'],137004,5.18,130040
data scientist,senior,uknown,company_185,"Fairfax, VA",2 months ago,"Falls Church, VA, US",Technology,Public,"97,010",€75.00B,"€171,892 - €257,744","['pytorch', 'git', 'python', 'machine learning', 'keras', 'deep learning', 'tensorflow']",1.72E+11,75,97010
data scientist,senior,hybrid,company_186,"New York, NY . Hybrid",8 days ago,"New York, NY, US",Technology,Public,830,€14.48B,"€45,674 - €105,040","['database', 'sql', 'aws', 'python']",45674105040,14.48,830
data scientist,midlevel,uknown,company_192,United States,a month ago,"NY, US",Technology,Private,15,Private,"€137,007 - €164,407","['amazon', 'spark', 'python', 'airflow', 'machine learning']",1.37E+11,0,15
data scientist,senior,on-site,company_193,"Phoenix, AZ",3 days ago,"Phoenix, AZ, US",Energy,Public,"35,020",€37.86B,"€82,201","['powerbi', 'aws', 'r', 'python', 'sql', 'machine learning']",82201,37.86,35020
data scientist,Uknown,hybrid,company_196,Hybrid,7 months ago,"San Francisco, CA, US",Finance,Private,890,€12.43B,"€158,920 - €237,831",[],1.59E+11,12.43,890
data scientist,Uknown,on-site,company_197,"Bengaluru, Karnataka, India . On-site",22 days ago,"Palo Alto, CA, US",Technology,Private,180,€913.33M,"€27,409",[],27409,913.33,180
data scientist,lead,hybrid,company_199,"Austin, TX . Hybrid",15 days ago,"Toronto, ON, CA",Technology,Public,"19,470",€91.70B,"€109,605","['java', 'sql', 'python']",109605,91.7,19470
data scientist,lead,hybrid,company_203,"Cincinnati, OH . Chicago, IL . Hybrid",a day ago,"Cincinnati, OH, US",Technology,Private,"1,230",Private,"€199,795",[],199795,0,1230
data scientist,senior,on-site,company_207,"Manassas, VA",14 days ago,"Boise, ID, US",Technology,Public,"40,060",€55.54B,"€94,077 - €118,737","['aws', 'python', 'linux', 'sql', 'gcp', 'hadoop']",94077118737,55.54,40060
data scientist,senior,uknown,company_209,"Bengaluru, Karnataka, India",8 days ago,"New York, NY, US",Technology,Private,"1,270",€913.33M,"€639,348","['spark', 'aws', 'python', 'sql', 'gcp', 'deep learning', 'tensorflow', 'tableau']",639348,913.33,1270
data analyst,midlevel,uknown,company_211,"Eindhoven, North Brabant, Netherlands",15 days ago,"Amsterdam, NH, NL",Healthcare,Public,"82,020",Public,"€69,047",['python'],69047,0,82020
data scientist,senior,uknown,company_212,"Cincinnati, OH",5 days ago,"Boston, MA, US",Technology,Public,"222,500",Public,"€135,179","['azure', 'aws', 'machine learning', 'python']",135179,0,222500
machine learning engineer,Uknown,on-site,company_215,"San Francisco, CA . Seattle, WA . New York, NY . On-site",13 days ago,"San Francisco, CA, US",Technology,Private,580,€7.07B,"€200,939 - €296,838",[],2.01E+11,7.07,580
data scientist,lead,hybrid,company_221,"Bengaluru, Karnataka, India . Hybrid",8 days ago,"New York, NY, US",Technology,Private,900,Private,"€19,096","['spark', 'r', 'python', 'java', 'sql', 'machine learning']",19096,0,900
data scientist,senior,uknown,company_223,Raleigh-Durham-Chapel Hill Area,2 days ago,"New York, NY, US",Technology,Public,"10,010",Public,"€99,560","['spark', 'aws', 'r', 'python', 'machine learning', 'hadoop', 'deep learning']",99560,0,10010
data scientist,senior,hybrid,company_092,"McLean, VA . Hybrid",5 days ago,"Toronto, ON, CA",Technology,Public,"24,030",Public,"€92,838 - €172,407","['java', 'machine learning', 'r', 'python']",92838172407,0,24030
data scientist,Uknown,remote,company_225,Fully Remote,7 days ago,"San Francisco, CA, US",Retail,Private,"12,300",€35.97B,"€137,001",[],137001,35.97,12300
data scientist,senior,on-site,company_226,"Rochester, New York Metropolitan Area",22 days ago,"Rochester, NY, US",Education,uknown,"9,320",Education,"€55,196 - €77,273","['deep learning', 'machine learning']",5519677273,0,9320
data scientist,senior,on-site,company_227,"Denver, CO",15 days ago,"Denver, CO, US",Healthcare,Public,"24,020",€6.34B,"€68,685 - €100,834","['pytorch', 'aws', 'r', 'python', 'docker', 'scikit-learn', 'sql', 'machine learning', 'gcp', 'deep learning', 'azure', 'tensorflow']",68685100834,6.34,24020
data scientist,senior,hybrid,company_052,Greater São Paulo Area . Hybrid,22 days ago,"San Francisco, CA, US",Technology,Public,"26,910",€53.05B,"€50,222","['sql', 'r', 'python']",50222,53.05,26910
data scientist,midlevel,on-site,company_230,"Mettawa, IL",6 days ago,"North Chicago, IL, US",Healthcare,Public,"49,360",€245.39B,"€137,003",[],137003,245.39,49360
data scientist,senior,on-site,company_231,"South San Francisco, CA . On-site",25 days ago,"Kenilworth, NJ, US",Healthcare,Public,"78,750",€231.03B,"€124,219","['machine learning', 'r', 'python']",124219,231.03,78750
data scientist,senior,remote,company_233,United States,5 days ago,"Reston, VA, US",Technology,Public,"27,450",Public,"€95,586 - €172,785","['machine learning', 'r', 'python']",95586172785,0,27450
data scientist,lead,on-site,company_235,"San Antonio, TX",15 days ago,"San Antonio, TX, US",Finance,Private,"33,030",Private,"€137,008","['spark', 'r', 'python', 'sql', 'machine learning', 'hadoop', 'deep learning']",137008,0,33030
data scientist,senior,remote,company_236,United States . Fully Remote,a day ago,"Miami, FL, US",Technology,Private,30,Private,"€137,002 - €155,268","['sql', 'machine learning', 'tableau', 'python']",1.37E+11,0,30
data scientist,senior,uknown,company_041,"Mississauga, Ontario, Canada",5 days ago,"BS, CH",Healthcare,Public,"93,560",€247.18B,"€74,130","['gcp', 'git', 'r']",74130,247.18,93560
data scientist,senior,hybrid,company_241,"Manchester, England, United Kingdom . Hybrid",2 months ago,"London, GB",Technology,Private,180,Private,"€95,906 - €105,039","['pytorch', 'aws', 'scikit-learn', 'scipy', 'machine learning', 'gcp', 'azure', 'tensorflow']",95906105039,0,180
data scientist,Uknown,on-site,company_243,"Bowie, MD . On-site",8 days ago,"Bowie, MD, US",Technology,Public,"2,820",Public,"€101,149 - €110,282",[],1.01E+11,0,2820
data scientist,senior,on-site,company_244,"Plano, TX . On-site",15 days ago,"New York, NY, US",Finance,Public,"290,800",€350.17B,"€86,772 - €196,371","['pytorch', 'machine learning', 'tensorflow', 'python']",86772196371,350.17,290800
data scientist,midlevel,uknown,company_246,"Arlington, VA",8 days ago,"New York, NY, US",Finance,Private,"23,320",Private,"€173,540","['spark', 'python', 'docker', 'java', 'sql', 'machine learning', 'kubernetes', 'hadoop', 'deep learning']",173540,0,23320
data scientist,lead,uknown,company_250,"New York, NY",4 days ago,"Paris, FR",Healthcare,Private,"76,020",Private,"€171,458 - €238,990","['powerbi', 'r', 'python', 'scikit-learn', 'sql', 'machine learning', 'tensorflow', 'tableau']",1.71E+11,0,76020
data scientist,lead,hybrid,company_252,"San Francisco, CA . Hybrid",5 days ago,"San Francisco, CA, US",Healthcare,Private,500,€1.72B,"€258,704",[],258704,1.72,500
data scientist,senior,uknown,company_254,"Chicago, IL",9 days ago,"South Bend, IN, US",Healthcare,Public,"2,520",Public,"€63,935 - €86,768","['powerbi', 'r', 'python', 'sql', 'database', 'hadoop', 'tableau']",6393586768,0,2520
data scientist,Uknown,on-site,company_255,"Charlotte, NC . On-site",8 days ago,"Fort Mill, SC, US",Technology,Private,"3,760",€913.33M,"€123,305 - €137,005",[],1.23E+11,913.33,3760
data scientist,senior,on-site,company_256,"San Francisco, CA . On-site",4 days ago,"San Francisco, CA, US",Technology,Private,150,€4.10B,"€155,274","['sql', 'machine learning', 'r', 'python']",155274,4.1,150
data scientist,senior,hybrid,company_257,"Foster City, CA . Hybrid",6 days ago,"Foster City, CA, US",Finance,Public,"21,050",€383.10B,"€120,561 - €192,988","['pytorch', 'spark', 'r', 'python', 'scikit-learn', 'machine learning', 'deep learning', 'tensorflow']",1.21E+11,383.1,21050
machine learning engineer,senior,hybrid,company_007,"Vancouver, British Columbia, Canada . Hybrid",a month ago,"Redwood City, CA, US",Technology,Public,"25,940",€33.50B,"€59,371 - €63,938","['pytorch', 'machine learning', 'tensorflow', 'python']",5937163938,33.5,25940
data scientist,senior,on-site,company_261,"Alameda, CA",7 days ago,"Lake Bluff, IL, US",Healthcare,Public,"103,540",€162.59B,"€79,187","['spark', 'r', 'python', 'scala', 'linux', 'java', 'hadoop', 'machine learning']",79187,162.59,103540
data scientist,senior,uknown,company_183,"Berlin, Berlin, Germany",8 days ago,"Tallinn, EE",Technology,Private,"3,780",Private,"€98,643","['pandas', 'numpy', 'spark', 'aws', 'scikit-learn', 'python', 'airflow', 'machine learning']",98643,0,3780
data scientist,senior,uknown,company_268,"Singapore, Singapore",7 days ago,"Singapore, SG",Finance,Public,"30,870",Public,"€67,044","['pytorch', 'git', 'python', 'machine learning', 'tensorflow']",67044,0,30870
data scientist,senior,uknown,company_269,"Boston, MA . Newark, DE . Tampa, FL . Kennesaw, GA . Plano, TX + 8 More",a month ago,"Charlotte, NC, US",Finance,Public,"274,280",€277.07B,"€150,707 - €224,869","['python', 'java', 'sql', 'hadoop', 'machine learning']",1.51E+11,277.07,274280
data scientist,lead,uknown,company_270,"New York, NY",2 months ago,"Woonsocket, RI, US",Healthcare,Public,"300,070",€121.12B,"€131,706 - €263,408","['sql', 'python']",1.32E+11,121.12,300070
data scientist,midlevel,on-site,company_231,"San Diego, CA . On-site",5 days ago,"Kenilworth, NJ, US",Healthcare,Public,"78,720",€231.13B,"€115,539 - €181,846","['aws', 'git', 'r', 'python', 'java', 'machine learning', 'database', 'azure', 'matplotlib']",1.16E+11,231.13,78720
data scientist,senior,on-site,company_273,"Redmond, WA",a month ago,"Menlo Park, CA, US",Technology,Public,"94,540",€230.42B,"€121,475 - €255,734","['sql', 'machine learning', 'r', 'python']",1.21E+11,230.42,94540
data scientist,lead,hybrid,company_276,Hybrid,a month ago,"Atlanta, GA, US",Technology,Private,360,€3.09B,"€294,100",[],294100,3.09,360
data scientist,Uknown,on-site,company_279,"San Francisco, California . On-site",8 days ago,"San Francisco, CA, US",Technology,Private,500,Private,"€127,874 - €155,273",[],1.28E+11,0,500
machine learning engineer,senior,uknown,company_106,"Pune, Maharashtra, India",2 days ago,"København, DK",Logistics,Private,"38,130",€34.32B,"€26,760","['spark', 'aws', 'powerbi', 'python', 'docker', 'sql', 'machine learning', 'gcp', 'kubernetes', 'deep learning', 'azure']",26760,34.32,38130
data scientist,midlevel,remote,company_280,"Annapolis Junction, MD . Annapolis, MD . Fully Remote",a month ago,"Annapolis, MD, US",Technology,Private,60,Private,"€109,600 - €182,666","['linux', 'machine learning', 'python']",1.10E+11,0,60
data scientist,senior,remote,company_282,"Rosemont, IL",5 days ago,"Rosemont, IL, US",Healthcare,Public,"28,070",Public,"€68,501 - €109,601","['git', 'r', 'python', 'bash', 'sql', 'machine learning', 'deep learning']",68501109601,0,28070
data scientist,lead,hybrid,company_115,"New York, NY . Hybrid",a month ago,"Frankfurt am Main, HE, DE",Finance,Public,"68,430",Public,"€137,002","['pandas', 'numpy', 'scikit-learn', 'python', 'sql', 'hadoop']",137002,0,68430
data scientist,senior,uknown,company_207,"Hyderabad, Telangana, India",10 days ago,"Boise, ID, US",Technology,Public,"40,050",€55.39B,"€24,621","['pytorch', 'r', 'python', 'sql', 'machine learning', 'deep learning', 'tensorflow', 'tableau']",24621,55.39,40050
data scientist,junior,uknown,company_047,"Bengaluru, Karnataka, India",a month ago,"Bengaluru, KA, IN",Technology,Public,"222,040",€24.21B,"€10,055","['deep learning', 'machine learning']",10055,24.21,222040
data scientist,senior,on-site,company_288,"Chantilly, VA . On-site",a month ago,"Reston, VA, US",Technology,Public,"26,030",€63.09B,"€114,171","['aws', 'azure']",114171,63.09,26030
data scientist,senior,uknown,company_290,"Pune, Maharashtra, India",8 days ago,"London, GB",Finance,Public,"68,160",€26.63B,"€29,949 - €41,758","['powerbi', 'aws', 'python', 'sql', 'machine learning', 'tableau']",2994941758,26.63,68160
data scientist,senior,uknown,company_291,"Bengaluru, Karnataka, India",5 days ago,"Bengaluru, KA, IN",Technology,Public,"261,060",€70.98B,"€9,583","['aws', 'r', 'python', 'sql', 'neural network', 'gcp', 'azure']",9583,70.98,261060
data scientist,senior,on-site,company_141,"Orlando, FL",a month ago,"Bethesda, MD, US",Technology,Public,"108,650",€116.88B,"€68,500",['machine learning'],68500,116.88,108650
data scientist,senior,remote,company_293,"Bengaluru, Karnataka, India",3 months ago,"Bengaluru, KA, IN",Technology,Private,"15,440",€10.22B,"€36,104","['spark', 'python', 'sql', 'machine learning', 'deep learning', 'tensorflow']",36104,10.22,15440
data scientist,senior,hybrid,company_295,"Montreal, Quebec, Canada . Hybrid",5 days ago,"Dartmouth, NS, CA",Technology,Private,31,Private,"€55,906","['pandas', 'numpy', 'pytorch', 'aws', 'scikit-learn', 'python', 'sql', 'machine learning']",55906,0,31
data scientist,midlevel,hybrid,company_296,"Lebanon, NH . Hybrid",17 days ago,"Bridgewater, NJ, US",Healthcare,Public,613,Public,"€81,293 - €108,937","['machine learning', 'python']",81293108937,0,613
data scientist,midlevel,on-site,company_166,"Veldhoven, North Brabant, Netherlands . On-site",8 days ago,"Veldhoven, NB, NL",Technology,Public,"24,820",€173.56B,"€82,373",['python'],82373,173.56,24820
data scientist,senior,remote,company_298,United States,15 days ago,"Draper, UT, US",Healthcare,Public,"1,020",Public,"€88,140 - €136,089","['sql', 'azure', 'r', 'python']",88140136089,0,1020
data scientist,senior,uknown,company_303,"New York, NY",22 days ago,"Irving, TX, US",Technology,Public,"11,060",Public,"€114,175 - €118,741","['aws', 'git', 'python', 'sql', 'gcp', 'machine learning']",1.14E+11,0,11060
data scientist,senior,on-site,company_034,"Annapolis Junction, MD",a month ago,"Baltimore, MD, US",Technology,Private,45,Private,"€178,100 - €210,980","['sql', 'machine learning', 'r', 'python']",1.78E+11,0,45
data scientist,senior,uknown,company_305,"Budapest, Budapest, Hungary",a month ago,"New York, NY, US",Finance,Public,"88,990",€132.46B,"€27,403","['machine learning', 'python']",27403,132.46,88990
data scientist,midlevel,remote,company_306,"Fort Meade, MD . Fort Meade, Maryland, Birleşik Devletler . Fully Remote",3 months ago,"Fulton, MD, US",Technology,Private,90,Private,"€127,871 - €178,103","['sql', 'machine learning', 'r', 'python']",1.28E+11,0,90
data scientist,senior,on-site,company_308,"Mountain View, CA",15 days ago,"Redmond, WA, US",Technology,Public,"182,338",€1.73T,"€171,712 - €277,840","['sql', 'python']",1.72E+11,1.73,182338
data scientist,senior,uknown,company_309,"Bengaluru, Karnataka, India",19 days ago,"New York, NY, US",Technology,Private,"3,540",Private,"€19,234","['pytorch', 'aws', 'git', 'python', 'docker', 'gcp', 'azure', 'tensorflow']",19234,0,3540
data scientist,lead,on-site,company_310,Antwerp Metropolitan Area,2 days ago,"Arlington, VA, US",Technology,Public,"20,070",Public,"€90,697","['powerbi', 'tableau']",90697,0,20070
machine learning engineer,Uknown,on-site,company_312,"San Francisco, CA . Seattle, WA . New York, NY . On-site",13 days ago,"Montreal, QC, CA",Technology,Private,31,Private,"€200,939 - €296,838",[],2.01E+11,0,31
data scientist,senior,on-site,company_315,United States,9 days ago,"Austin, TX, US",Technology,Public,"212,610",€188.01B,"€99,744 - €204,046","['pytorch', 'aws', 'r', 'python', 'docker', 'machine learning', 'kubernetes', 'deep learning', 'tensorflow']",99744204046,188.01,212610
data scientist,senior,on-site,company_316,"Dublin, County Dublin, Ireland",22 days ago,"Eden Prairie, MN, US",Healthcare,Public,"37,990",Public,"€52,987","['sql', 'azure', 'python']",52987,0,37990
data scientist,lead,uknown,company_251,"Alpharetta, GA",15 days ago,"Roseland, NJ, US",Technology,Public,"65,120",Public,"€115,086","['spark', 'aws', 'r', 'python', 'scala', 'java', 'sql', 'machine learning', 'hadoop', 'azure', 'tensorflow', 'tableau']",115086,0,65120
data scientist,senior,remote,company_318,United States,a month ago,"Dallas, TX, US",Technology,Public,"55,070",€14.86B,"€100,467",['machine learning'],100467,14.86,55070
machine learning engineer,senior,hybrid,company_008,"San Jose, CA . Hybrid",15 days ago,"San Jose, CA, US",Technology,Public,"34,690",€81.56B,"€125,584 - €216,003","['pandas', 'numpy', 'pytorch', 'spark', 'aws', 'scikit-learn', 'python', 'java', 'sql', 'machine learning', 'tensorflow']",1.26E+11,81.56,34690
data scientist,senior,on-site,company_324,United States . On-site,8 days ago,"Palo Alto, CA, US",Technology,Private,"2,540",€3.95B,"€137,003 - €150,703","['sql', 'machine learning', 'r', 'python']",1.37E+11,3.95,2540
machine learning engineer,senior,uknown,company_326,uknown,2 years ago,"Mumbai, MH, IN",Technology,Private,910,€7.41B,"€44,207",[],44207,7.41,910
data scientist,senior,remote,company_328,"Riverwoods, IL",10 days ago,"Riverwoods, IL, US",Technology,Public,"14,460",€26.53B,"€118,733 - €166,226","['sql', 'tableau']",1.19E+11,26.53,14460
data scientist,lead,on-site,company_336,"South San Francisco, CA",6 days ago,"South San Francisco, CA, US",Technology,Private,"14,040",Private,"€195,911",['machine learning'],195911,0,14040
data scientist,midlevel,remote,company_337,"Tallahassee, FL . Arlington, VA . Fully Remote",25 days ago,"Fairfax, VA, US",Finance,Public,"7,290",Public,"€131,219 - €223,067","['r', 'python', 'sql', 'machine learning', 'database', 'deep learning']",1.31E+11,0,7290
data scientist,senior,remote,company_339,Fully Remote,a month ago,"Chicago, IL, US",Technology,Private,960,€3.04B,"€164,405 - €226,054",[],1.64E+11,3.04,960
data scientist,senior,hybrid,company_340,"San Jose, CA . Hybrid",2 months ago,"New York, NY, US",Technology,Private,750,Private,"€112,800 - €194,405","['sql', 'machine learning', 'r', 'python']",1.13E+11,0,750
data scientist,Uknown,on-site,company_341,On-site,13 days ago,"San Francisco, CA, US",Technology,Private,600,€13.85B,"€127,868 - €143,851",[],1.28E+11,13.85,600
data scientist,senior,uknown,company_343,"Edinburgh, Scotland, United Kingdom",a day ago,"Edinburgh, GB",Finance,Public,"60,010",€24.78B,"€59,677","['machine learning', 'python']",59677,24.78,60010
data scientist,senior,on-site,company_201,"Milwaukee, WI",8 days ago,"Deerfield, IL, US",Healthcare,Public,"48,050",€25.16B,"€102,300 - €140,660","['spark', 'python', 'scala', 'machine learning', 'database', 'azure', 'tableau']",1.02E+11,25.16,48050
data scientist,midlevel,on-site,company_352,"Pune, Maharashtra, India . On-site",3 months ago,"Evanston, IL, US",Technology,Private,"12,090",Private,"€13,173","['amazon', 'r', 'python', 'java', 'database', 'hadoop', 'machine learning']",13173,0,12090
data scientist,senior,remote,company_353,Fully Remote,2 months ago,"Washington, US",Technology,Private,351,Private,"€164,400",[],164400,0,351
data scientist,senior,on-site,company_355,"Seattle, WA",a month ago,"San Francisco, CA, US",Technology,Public,"65,870",€130.59B,"€125,223 - €216,007","['sql', 'r', 'python']",1.25E+11,130.59,65870
data scientist,senior,on-site,company_184,"Johns Creek, GA",6 days ago,"New York, NY, US",Retail,Public,"130,020",€5.18B,"€137,000",['machine learning'],137000,5.18,130020
data scientist,senior,hybrid,company_357,"Basking Ridge, NJ . Irving, TX . Temple Terrace, FL . Boston, MA . Ashburn, VA + 1 More . Hybrid",8 days ago,"Basking Ridge, NJ, US",Technology,Public,"132,060",€142.23B,"€92,254","['python', 'sql', 'machine learning', 'database', 'hadoop', 'deep learning']",92254,142.23,132060
data scientist,senior,uknown,company_360,"Itanagar, Arunachal Pradesh, India",2 months ago,"Mumbai, MH, IN",Finance,Private,"78,060",Private,"€12,924","['pandas', 'numpy', 'pytorch', 'spark', 'aws', 'git', 'scikit-learn', 'python', 'docker', 'scipy', 'hadoop', 'machine learning', 'database', 'keras', 'deep learning', 'matplotlib', 'tensorflow']",12924,0,78060
data scientist,senior,remote,company_362,Fully Remote,16 days ago,"San Francisco, CA, US",Technology,Private,"1,890",€9.48B,"€198,198 - €277,565",[],1.98E+11,9.48,1890
data scientist,senior,on-site,company_031,"New Brunswick, NJ",a day ago,"New Brunswick, NJ, US",Healthcare,Public,"128,860",€412.87B,"€97,046 - €131,295","['aws', 'powerbi', 'r', 'python', 'airflow', 'machine learning', 'azure', 'tableau']",97046131295,412.87,128860
data scientist,senior,on-site,company_363,"Bellevue, WA",23 days ago,"New York, NY, US",Technology,Public,"24,320",Public,"€109,328 - €203,035","['pytorch', 'scikit-learn', 'python', 'scala', 'java', 'machine learning', 'tensorflow']",1.09E+11,0,24320
data scientist,lead,on-site,company_235,"Phoenix, AZ",15 days ago,"San Antonio, TX, US",Finance,Private,"33,050",Private,"€137,000","['spark', 'r', 'python', 'sql', 'machine learning', 'hadoop', 'deep learning']",137000,0,33050
data scientist,senior,uknown,company_365,"McLean, VA",2 months ago,"Annapolis Junction, MD, US",Technology,Private,420,Private,"€72,666 - €159,901","['database', 'machine learning', 'python']",72666159901,0,420
data scientist,lead,uknown,company_366,"Columbia, MD",14 days ago,"Columbia, MD, US",Technology,Private,180,Private,"€100,472 - €146,138","['pytorch', 'spark', 'aws', 'r', 'python', 'scikit-learn', 'scala', 'sql', 'machine learning', 'gcp', 'azure', 'tensorflow']",1.00E+11,0,180
data scientist,senior,on-site,company_367,On-site,a month ago,"New York, NY, US",Technology,Private,420,Private,"€144,307 - €167,140",[],1.44E+11,0,420
data scientist,senior,uknown,company_185,"Utah, United States",15 days ago,"Falls Church, VA, US",Technology,Public,"97,070",€75.20B,"€125,495 - €188,149","['aws', 'gcp', 'azure']",1.25E+11,75.2,97070
machine learning engineer,senior,uknown,company_371,"South San Francisco, CA . South San Francisco, Kalifornia, Stany Zjednoczone",7 days ago,"South San Francisco, CA, US",Healthcare,Private,250,Private,"€190,891 - €212,811","['pytorch', 'python', 'machine learning', 'deep learning', 'tensorflow']",1.91E+11,0,250
data scientist,senior,hybrid,company_146,"Kitchener-Waterloo, ON . Toronto, ON . Hybrid",11 days ago,"San Francisco, CA, US",Finance,Private,780,€11.85B,"€153,447 - €210,986",[],1.53E+11,11.85,780
machine learning engineer,senior,on-site,company_178,"Torrance, CA",15 days ago,"Torrance, CA, US",Technology,Public,"10,100",€36.69B,"€63,941","['java', 'machine learning', 'r', 'python']",63941,36.69,10100
data scientist,Uknown,remote,company_112,Fully Remote,4 days ago,"San Francisco, CA, US",Technology,Private,420,€4.85B,"€213,594",[],213594,4.85,420
machine learning engineer,lead,uknown,company_326,uknown,a year ago,"Mumbai, MH, IN",Technology,Private,910,€7.66B,"€44,202",[],44202,7.66,910
data scientist,senior,hybrid,company_382,Greater Chicago Area . Hybrid,a month ago,"Chicago, IL, US",Finance,Private,660,€2.03B,"€73,068 - €91,335","['aws', 'python', 'sql', 'machine learning', 'deep learning']",7306891335,2.03,660
data scientist,Uknown,on-site,company_383,"Barcelona, Spain . On-site",2 months ago,"Milano, IT",Technology,Private,"3,800",Private,"€46,528 - €76,222",[],4652876222,0,3800
data scientist,senior,on-site,company_071,"Cambridge, MA",5 days ago,"Cambridge, MA, US",Technology,Public,"9,020",Public,"€9,140","['r', 'python', 'sql', 'hadoop', 'machine learning']",9140,0,9020
data scientist,senior,on-site,company_384,"Normal, IL . Plymouth, MI . Palo Alto, CA . Irvine, CA . Atlanta, GA",15 days ago,"Irvine, CA, US",Technology,Public,"3,780",€25.21B,"€147,050 - €196,370","['sql', 'r', 'python']",1.47E+11,25.21,3780
machine learning engineer,Uknown,hybrid,company_387,"Sunnyvale, CA . Hybrid",a day ago,"San Francisco, CA, US",Technology,Private,900,€8.62B,"€144,491",[],144491,8.62,900
data scientist,senior,remote,company_176,Fully Remote,11 days ago,"Mountain View, CA, US",Technology,Public,"2,780",Public,"€146,050 - €230,989",[],1.46E+11,0,2780
data scientist,senior,on-site,company_389,"Menlo Park, CA",3 months ago,"Bozeman, MT, US",Technology,Public,"3,760",€37.49B,"€181,756 - €258,932",['python'],1.82E+11,37.49,3760
data scientist,senior,remote,company_391,Fully Remote,7 days ago,"Greenbelt, MD, US",Technology,Private,270,Private,"€132,438 - €159,838",[],1.32E+11,0,270
data scientist,senior,on-site,company_392,"Cincinnati, OH",a month ago,"Jacksonville, FL, US",Finance,Public,"62,010",€35.07B,"€157,017 - €263,794","['spark', 'aws', 'python', 'sql', 'machine learning', 'gcp', 'azure']",1.57E+11,35.07,62010
data scientist,midlevel,on-site,company_395,"McLean, VA",6 days ago,"McLean, VA, US",Retail,Public,"55,120",€36.18B,"€121,479 - €138,650","['spark', 'aws', 'r', 'python', 'scala', 'sql', 'database', 'machine learning']",1.21E+11,36.18,55120
data scientist,senior,on-site,company_316,"Dublin, County Dublin, Ireland",15 days ago,"Eden Prairie, MN, US",Healthcare,Public,"37,970",Public,"€57,318","['machine learning', 'r', 'python']",57318,0,37970
data scientist,senior,on-site,company_367,On-site,a month ago,"New York, NY, US",Technology,Private,420,Private,"€216,463 - €242,949",[],2.16E+11,0,420
data scientist,Uknown,hybrid,company_403,"Boston, MA . Hybrid",5 days ago,"Boston, MA, US",Retail,Public,"17,010",Public,"€130,609 - €140,656",[],1.31E+11,0,17010
data scientist,senior,uknown,company_404,United States,10 days ago,"Northbrook, IL, US",Technology,Public,"8,270",€31.37B,"€87,412 - €139,463","['aws', 'r', 'python', 'linux', 'sql', 'machine learning', 'deep learning', 'azure']",87412139463,31.37,8270
data scientist,senior,remote,company_337,"Arlington, VA",a month ago,"Fairfax, VA, US",Finance,Public,"7,290",Public,"€89,623 - €152,356","['r', 'python', 'sql', 'machine learning', 'database', 'deep learning']",89623152356,0,7290
machine learning engineer,midlevel,on-site,company_336,"New York, NY",14 days ago,"South San Francisco, CA, US",Technology,Private,"14,060",Private,"€128,871 - €239,383","['deep learning', 'machine learning', 'r', 'python']",1.29E+11,0,14060
data scientist,senior,on-site,company_410,On-site,4 months ago,"San Francisco, CA, US",Technology,Private,320,Private,"€28,130",[],28130,0,320
data scientist,midlevel,on-site,company_411,"San Francisco, CA",15 days ago,"Santa Monica, CA, US",Technology,Public,"9,770",Public,"€130,667 - €241,897","['spark', 'aws', 'python', 'airflow', 'sql', 'gcp', 'machine learning']",1.31E+11,0,9770
data scientist,senior,on-site,company_412,"Atlanta, GA",a month ago,"Minneapolis, MN, US",Finance,Private,"1,280",Private,"€67,682 - €101,475","['pandas', 'aws', 'scikit-learn', 'python', 'sql', 'machine learning', 'gcp', 'azure', 'matplotlib']",67682101475,0,1280
data scientist,senior,hybrid,company_414,"London, England, United Kingdom . Hybrid",15 days ago,"Newton, MA, US",Technology,Public,351,Public,"€91,337 - €137,003","['sql', 'aws', 'r', 'python']",91337137003,0,351
data scientist,senior,hybrid,company_417,"Bengaluru, Karnataka, India . Hybrid",a month ago,"San Jose, CA, US",Technology,Public,"98,130",€167.14B,"€32,665","['pandas', 'numpy', 'pytorch', 'aws', 'r', 'python', 'scikit-learn', 'scipy', 'sql', 'machine learning', 'deep learning', 'keras', 'azure', 'matplotlib', 'tensorflow', 'tableau']",32665,167.14,98130
data scientist,senior,remote,company_418,"Washington, United States . Idaho, United States . Arizona, United States . Georgia, United States . South Carolina, United States + 1 More . Fully Remote",7 days ago,"Seattle, WA, US",Finance,uknown,"2,810",Nonprofit,"€88,967 - €166,051","['tableau', 'sql', 'r', 'python']",88967166051,0,2810
data scientist,midlevel,remote,company_421,Mexico City Metropolitan Area . Fully Remote,15 days ago,"Cheyenne, WY, US",Technology,uknown,Private,0,"€25,212","['sql', 'machine learning', 'python']",25212,0,
data scientist,senior,uknown,company_422,"Englewood, CO",a month ago,"Englewood, CO, US",Technology,Public,"2,520",Public,"€105,439","['sql', 'r', 'python']",105439,0,2520
data scientist,senior,hybrid,company_423,"New York, NY . Hybrid",a month ago,"New York, NY, US",Technology,Private,500,Private,"€118,741 - €137,008",[],1.19E+11,0,500
data scientist,senior,remote,company_425,"Madrid, Community of Madrid, Spain",25 days ago,"Amsterdam, NH, NL",Technology,Private,"5,560",Private,"€55,995","['spark', 'aws', 'powerbi', 'r', 'python', 'docker', 'linux', 'sql', 'azure', 'tableau']",55995,0,5560
data scientist,lead,hybrid,company_426,"Palo Alto, CA . Hybrid",2 months ago,"Palo Alto, CA, US",Technology,Private,126,Private,"€186,327 - €261,220",[],1.86E+11,0,126
data scientist,senior,hybrid,company_428,"Seattle, WA . Hybrid",4 days ago,"San Francisco, CA, US",Technology,Private,45,Private,"€210,073 - €251,172","['sql', 'python']",2.10E+11,0,45
data scientist,Uknown,hybrid,company_433,Hybrid,a month ago,"Toronto, ON, CA",Technology,Private,56,Private,"€36,542 - €54,809",[],3654254809,0,56
data scientist,senior,on-site,company_435,"Toronto, Ontario, Canada",5 days ago,"Toronto, ON, CA",Finance,Private,"45,050",Private,"€94,256 - €175,359","['machine learning', 'python']",94256175359,0,45050
data scientist,senior,uknown,company_069,United States,5 days ago,"Chicago, IL, US",Technology,Private,210,Private,"€87,407","['spark', 'aws', 'python', 'sql', 'machine learning', 'gcp', 'azure']",87407,0,210
data scientist,Uknown,on-site,company_438,"New York City, New York, United States . On-site",2 months ago,"San Francisco, CA, US",Technology,Private,150,Private,"€154,356",[],154356,0,150
data scientist,senior,uknown,company_440,"Lexington, MA . Massachusetts, United States",a month ago,"London, GB",Technology,Public,"1,800",Public,"€109,604","['aws', 'scikit-learn', 'python', 'sql', 'machine learning', 'deep learning', 'tensorflow']",109604,0,1800
data scientist,lead,uknown,company_449,"New York, United States",6 days ago,"New York, NY, US",Technology,Private,"1,020",Private,"€141,571 - €164,405","['tableau', 'sql', 'r', 'python']",1.42E+11,0,1020
data scientist,senior,on-site,company_450,"Fort George G Meade, Maryland, United States . On-site",3 months ago,"Catonsville, MD, US",Technology,Private,45,Private,"€89,511 - €196,370",[],89511196370,0,45
data scientist,midlevel,remote,company_421,"São Paulo, São Paulo, Brazil . Fully Remote",14 days ago,"Cheyenne, WY, US",Technology,uknown,Private,0,"€25,214","['sql', 'machine learning', 'python']",25214,0,
data scientist,midlevel,on-site,company_456,"Sacramento, CA",19 days ago,"Sacramento, CA, US",Healthcare,uknown,"55,010",Nonprofit,"€115,891 - €172,882",[],1.16E+11,0,55010
data scientist,senior,uknown,company_457,"New York, United States . Minneapolis, MN . Chicago, IL",5 days ago,"Minneapolis, MN, US",Technology,Private,420,Private,"€68,504 - €84,944","['git', 'r', 'python', 'docker', 'sql', 'machine learning']",6850484944,0,420
data scientist,midlevel,on-site,company_460,"Bellevue, WA",a month ago,"Dania Beach, FL, US",Retail,Public,"7,100",Public,"€122,847 - €196,370","['aws', 'git', 'python', 'sql', 'machine learning']",1.23E+11,0,7100
data scientist,senior,on-site,company_211,"Bengaluru, Karnataka, India . Bengaluru East, Karnataka, India",3 months ago,"Amsterdam, NH, NL",Healthcare,Public,"82,030",Public,"€27,524","['pytorch', 'python', 'docker', 'machine learning', 'kubernetes', 'deep learning', 'tensorflow']",27524,0,82030
data scientist,senior,on-site,company_438,"New York City, New York, United States . On-site",23 days ago,"San Francisco, CA, US",Technology,Private,150,Private,"€151,203",[],151203,0,150
data scientist,lead,hybrid,company_461,"Bengaluru, Karnataka, India . Hybrid",a month ago,"Toronto, ON, CA",Finance,Private,"7,030",Private,"€14,064","['aws', 'machine learning', 'gcp', 'azure', 'deep learning']",14064,0,7030
machine learning engineer,senior,on-site,company_465,"Washington, DC . On-site",14 days ago,"San Francisco, CA, US",Technology,Private,"3,570",Private,"€120,104 - €200,112","['deep learning', 'aws', 'machine learning', 'python']",1.20E+11,0,3570
machine learning engineer,midlevel,on-site,company_025,"Jersey City, NJ",12 days ago,"Teaneck, NJ, US",Technology,Public,"309,170",Public,"€146,134 - €164,401","['aws', 'gcp', 'azure']",1.46E+11,0,309170
data scientist,senior,uknown,company_468,"Los Alamos, NM",14 days ago,"Los Alamos, NM, US",Energy,uknown,"12,802",Education,"€114,354 - €192,992","['git', 'r', 'python', 'sql', 'machine learning', 'database', 'deep learning']",1.14E+11,0,12802
Uknown,midlevel,uknown,company_470,"Austin, TX",4 months ago,"Austin, TX, US",Education,uknown,"16,011",Education,"€68,505","['linux', 'python']",68505,0,16011
data scientist,senior,on-site,company_474,"Irvine, CA",6 days ago,US,Technology,Private,"5,540",Private,"€92,252 - €170,573","['amazon', 'pytorch', 'aws', 'python', 'java', 'machine learning', 'deep learning', 'keras', 'azure', 'tensorflow']",92252170573,0,5540
data scientist,senior,remote,company_475,"Brisbane, CA",19 days ago,"South San Francisco, CA, US",Healthcare,Public,660,Public,"€164,408 - €211,900","['pandas', 'numpy', 'git', 'r', 'python', 'scikit-learn', 'machine learning', 'matplotlib']",1.64E+11,0,660
data scientist,Uknown,on-site,company_477,"Mountain View, California, United States . On-site",5 months ago,"Mountain View, CA, US",Technology,Private,310,Private,"€187,241",[],187241,0,310
machine learning engineer,senior,uknown,company_142,"New York, NY . Boston, MA . Los Angeles, CA",a year ago,"Cambridge, MA, US",Technology,uknown,Private,0,"€146,141 - €255,740","['pytorch', 'machine learning']",1.46E+11,0,
data scientist,midlevel,hybrid,company_480,"Kansas City, KS . Hybrid",a month ago,"Kansas City, KS, US",Healthcare,uknown,"4,104",Education,"€75,814 - €119,654","['pytorch', 'r', 'python', 'machine learning', 'deep learning', 'tensorflow']",75814119654,0,4104
data scientist,senior,on-site,company_482,"Boston, MA . United States",22 days ago,"Boston, MA, US",Finance,Private,"45,070",Private,"€109,600","['deep learning', 'machine learning']",109600,0,45070
data scientist,senior,hybrid,company_340,"San Jose, CA . Hybrid",2 months ago,"New York, NY, US",Technology,Private,750,Private,"€112,803 - €194,408","['sql', 'machine learning', 'r', 'python']",1.13E+11,0,750
data scientist,junior,on-site,company_484,"San Diego, CA",7 days ago,"San Diego, CA, US",Technology,Private,"1,050",Private,"€81,294 - €109,607","['sql', 'machine learning', 'tableau']",81294109607,0,1050
data scientist,senior,remote,company_485,United States . Fully Remote,14 days ago,"Eden Prairie, MN, US",Technology,Private,550,Private,"€127,869 - €164,402","['pytorch', 'scikit-learn', 'python', 'java', 'machine learning', 'tensorflow']",1.28E+11,0,550
data scientist,senior,uknown,company_486,"Bengaluru, Karnataka, India",a month ago,"San Jose, CA, US",Technology,Private,"1,800",Private,"€19,988","['pytorch', 'aws', 'python', 'docker', 'gcp', 'kubernetes', 'azure']",19988,0,1800
data scientist,senior,hybrid,company_313,"Toronto, Ontario, Canada . Hybrid",7 days ago,"London, GB",Finance,Public,"29,480",Public,"€73,457","['machine learning', 'python']",73457,0,29480
data scientist,senior,uknown,company_488,"Boston, MA . บอสตัน, รัฐแมสซาชูเซตส์, สหรัฐ",25 days ago,"Boston, MA, US",Healthcare,uknown,"4,310",Nonprofit,"€138,543 - €173,111","['r', 'python', 'sql', 'machine learning', 'tableau']",1.39E+11,0,4310
data scientist,junior,hybrid,company_490,"Overland Park, KS . Frisco, TX . Bellevue, WA . Hybrid",3 days ago,"Bellevue, WA, US",Technology,Public,"83,550",Public,"€78,825 - €142,210","['sql', 'machine learning', 'r', 'python']",78825142210,0,83550
data scientist,midlevel,uknown,company_268,"Singapore, Singapore",2 days ago,"Singapore, SG",Finance,Public,"30,830",Public,"€67,044","['spark', 'git', 'python', 'sql', 'hadoop']",67044,0,30830
data scientist,lead,hybrid,company_499,"Lake Mary, FL . Hybrid",4 days ago,"New York, NY, US",Finance,Public,"51,750",Public,"€109,606","['sql', 'kubernetes', 'machine learning', 'python']",109606,0,51750
data scientist,senior,hybrid,company_500,"Vilniaus, Lithuania . Nzalae/ Nzawa locations, Kitui County, Kenya . Hybrid",5 months ago,"Miami, FL, US",Technology,Private,75,Private,"€5,940 - €8,223","['aws', 'database', 'sql', 'machine learning', 'gcp', 'kubernetes', 'deep learning', 'azure']",59408223,0,75
data scientist,midlevel,on-site,company_503,"Brazil, Sao Paulo . On-site",14 days ago,"São Paulo, SP, BR",Technology,Private,"7,070",Private,"€28,878 - €39,713",[],2887839713,0,7070
data scientist,senior,uknown,company_513,"Washington, DC",2 days ago,"Vienna, VA, US",Technology,Private,90,Private,"€146,134 - €182,667","['spark', 'r', 'python', 'sql', 'machine learning']",1.46E+11,0,90
data scientist,Uknown,remote,company_516,Fully Remote,2 days ago,"San Diego, CA, US",Technology,Private,126,Private,"€127,874 - €141,573",[],1.28E+11,0,126
data scientist,lead,remote,company_517,Fully Remote,7 days ago,"Gaithersburg, MD, US",Technology,Private,750,Private,"€255,738",[],255738,0,750
data scientist,senior,uknown,company_521,"San Francisco, CA . Chicago, IL . Seattle, WA . New York, NY",13 days ago,"San Francisco, CA, US",Technology,Private,524,Private,"€114,175 - €155,274","['pandas', 'sql', 'python']",1.14E+11,0,524
data scientist,senior,remote,company_523,"Alpharetta, GA",3 months ago,"Chicago, IL, US",Healthcare,Public,"6,470",Public,"€82,480 - €137,371","['pandas', 'numpy', 'aws', 'scikit-learn', 'python', 'scipy', 'database', 'matplotlib']",82480137371,0,6470
data scientist,senior,on-site,company_524,"Orlando, FL",4 days ago,"Fairfax, VA, US",Technology,Private,"8,520",Private,"€97,168 - €107,796","['amazon', 'azure', 'machine learning']",97168107796,0,8520
data scientist,senior,uknown,company_527,"Plainsboro, NJ",7 days ago,"Bagsværd, DK",Healthcare,Public,"55,215",Public,"€131,088",['deep learning'],131088,0,55215
machine learning engineer,Uknown,hybrid,company_532,"New York, NY . Hybrid",23 days ago,"New York, NY, US",Technology,Private,180,Private,"€173,536 - €228,335",[],1.74E+11,0,180
data scientist,senior,remote,company_540,Fully Remote,8 days ago,"San Diego, CA, US",Technology,Private,45,Private,"€118,741",[],118741,0,45
data scientist,lead,hybrid,company_544,"Tempe, AZ . Hybrid",20 days ago,"Bloomington, IL, US",Finance,Private,"55,070",Private,"€100,470 - €137,003","['linux', 'aws', 'r', 'python']",1.00E+11,0,55070
data scientist,senior,on-site,company_545,"Indianapolis, IN",15 days ago,"Indianapolis, IN, US",Healthcare,Public,"35,050",Public,"€138,373 - €202,945",['tableau'],1.38E+11,0,35050
machine learning engineer,senior,hybrid,company_546,"Redwood City, CA . Hybrid",7 days ago,"Redwood City, CA, US",Retail,Public,"2,010",Public,"€172,567 - €244,914","['pytorch', 'spark', 'python', 'scala', 'sql', 'machine learning', 'deep learning', 'tensorflow']",1.73E+11,0,2010
data scientist,senior,hybrid,company_549,"Santa Clara, CA . Hybrid",3 months ago,"Santa Clara, CA, US",Technology,Private,600,Private,"€205,499 - €273,999","['pandas', 'numpy', 'pytorch', 'spark', 'aws', 'python', 'machine learning', 'gcp', 'deep learning', 'azure', 'matplotlib', 'tensorflow']",2.05E+11,0,600
data scientist,senior,on-site,company_551,"Bengaluru, Karnataka, India",2 months ago,"Vancouver, BC, CA",Technology,Private,"1,310",Private,"€15,667","['powerbi', 'python', 'sql', 'machine learning', 'deep learning', 'matplotlib', 'tableau']",15667,0,1310
data scientist,Uknown,remote,company_019,Fully Remote,a month ago,"Boston, MA, US",Technology,Private,126,Private,"€155,272",[],155272,0,126
data scientist,lead,on-site,company_555,"Boston, MA",7 days ago,"Boston, MA, US",Finance,Public,"3,040",Public,"€141,571","['sql', 'machine learning', 'r', 'python']",141571,0,3040
data scientist,senior,hybrid,company_558,"Boston, MA . Hybrid",16 hours ago,"Boston, MA, US",Finance,Private,"60,640",Private,"€109,605 - €159,838","['r', 'python', 'machine learning', 'keras', 'deep learning', 'tensorflow']",1.10E+11,0,60640
data scientist,lead,remote,company_155,"Raleigh, NC",18 days ago,"Chicago, IL, US",Technology,Public,"2,570",Public,"€146,135 - €182,668","['aws', 'scikit-learn', 'python', 'sql', 'machine learning', 'tensorflow']",1.46E+11,0,2570
data scientist,senior,remote,company_564,Fully Remote,a month ago,"Palo Alto, CA, US",Technology,Private,300,Private,"€168,061 - €192,721",[],1.68E+11,0,300
data scientist,senior,on-site,company_568,"Brooklyn, OH . Cleveland, OH . United States",a month ago,"Cleveland, OH, US",Finance,Public,"18,030",Public,"€115,085 - €126,958","['sql', 'r', 'python']",1.15E+11,0,18030
data scientist,senior,remote,company_572,Fully Remote,3 days ago,"San Francisco, CA, US",Technology,Private,45,Private,"€155,269 - €178,102",[],1.55E+11,0,45
data scientist,midlevel,on-site,company_574,"Chicago, IL",5 days ago,CA,Technology,Private,"43,933",Private,"€52,518 - €97,271",[],5251897271,0,43933
data scientist,senior,on-site,company_577,"South San Francisco, CA",4 days ago,"South San Francisco, CA, US",Technology,Private,126,Private,"€147,049 - €185,363","['pytorch', 'aws', 'r', 'python', 'docker', 'scikit-learn', 'machine learning', 'gcp', 'deep learning', 'azure', 'matplotlib', 'tensorflow']",1.47E+11,0,126
data scientist,midlevel,on-site,company_579,"Philadelphia, PA",10 months ago,"Philadelphia, PA, US",Education,uknown,"39,879",Education,"€91,339 - €109,605","['sql', 'machine learning', 'r', 'python']",91339109605,0,39879
data scientist,lead,on-site,company_412,"Minneapolis, MN",a month ago,"Minneapolis, MN, US",Finance,Private,"1,320",Private,"€112,348 - €168,609","['pytorch', 'aws', 'python', 'sql', 'machine learning', 'gcp', 'azure', 'tensorflow']",1.12E+11,0,1320
data scientist,senior,hybrid,company_500,"Bucharest, Bucharest, Romania . Vilnius, Vilniaus, Lithuania . Estonia . Bulgaria . Poland + 11 More . Hybrid",2 months ago,"Miami, FL, US",Technology,Private,75,Private,"€5,939 - €8,222","['aws', 'database', 'sql', 'machine learning', 'gcp', 'kubernetes', 'deep learning', 'azure']",59398222,0,75
data scientist,senior,remote,company_587,United States . Fully Remote,14 days ago,"Rockville, MD, US",Healthcare,Private,490,Private,"€91,336 - €109,602","['pandas', 'numpy', 'aws', 'git', 'scikit-learn', 'python', 'sql', 'gcp', 'database', 'machine learning']",91336109602,0,490
machine learning engineer,senior,remote,company_589,Fully Remote,a month ago,"Chicago, IL, US",Technology,Public,990,Public,"€197,190 - €236,660",[],1.97E+11,0,990
data scientist,senior,hybrid,company_590,"San Francisco, California, United States . San Francisco, California, USA . Hybrid",a month ago,"Pittsburgh, PA, US",Healthcare,Private,45,Private,"€159,834 - €205,500",[],1.60E+11,0,45
data scientist,senior,hybrid,company_591,"Chicago, IL . إلينوي شيكاغو الولايات المتحدة . Hybrid",2 months ago,"Chicago, IL, US",Healthcare,Private,420,Private,"€95,901 - €123,301","['sql', 'machine learning', 'scikit-learn', 'python']",95901123301,0,420
data scientist,senior,hybrid,company_145,"Austin, Texas . Hybrid",a day ago,"San Jose, CA, US",Technology,Public,"2,760",Public,"€200,937",[],200937,0,2760
data scientist,senior,on-site,company_596,"San Diego, CA",a month ago,"San Diego, CA, US",Healthcare,Public,"4,040",Public,"€129,513 - €215,914","['r', 'python', 'scala', 'sql', 'gcp']",1.30E+11,0,4040
data scientist,lead,uknown,company_598,Salt Lake City Metropolitan Area,7 days ago,"Salt Lake City, UT, US",Education,uknown,"9,030",Education,"€182,667","['sql', 'machine learning', 'python']",182667,0,9030
data scientist,midlevel,uknown,company_601,"Pune, Maharashtra, India",7 days ago,"London, GB",Finance,Public,"205,350",Public,"€30,455","['scikit-learn', 'python', 'sql', 'database', 'machine learning']",30455,0,205350
data scientist,junior,uknown,company_603,"Queenstown, Central Singapore Community Development Council, Singapore",3 months ago,"Singapore, SG",Education,uknown,210,Education,"€54,802","['tableau', 'r', 'python']",54802,0,210
data scientist,midlevel,remote,company_472,"Brookfield, WI . Fully Remote",7 days ago,"Seattle, WA, US",Healthcare,Private,"3,810",Private,"€59,552 - €138,317","['aws', 'r', 'python', 'sql', 'machine learning']",59552138317,0,3810
data scientist,senior,hybrid,company_607,"Yonkers, New York, United States . Hybrid",17 hours ago,"Yonkers, NY, US",Healthcare,Private,683,Private,"€120,568 - €134,268",[],1.21E+11,0,683
data scientist,senior,hybrid,company_608,"Berlin, Berlin, Germany . Hybrid",a month ago,"Berlin, DE",Technology,Private,"8,350",Private,"€86,270 - €119,421","['scala', 'spark', 'machine learning', 'python']",86270119421,0,8350
data scientist,lead,hybrid,company_609,"Golden Valley, MN . Austin, TX . Hybrid",7 days ago,"Austin, TX, US",Technology,Public,"4,770",Public,"€119,819 - €178,753","['pandas', 'numpy', 'pytorch', 'spark', 'aws', 'git', 'r', 'python', 'scikit-learn', 'sql', 'machine learning', 'keras', 'azure', 'tensorflow']",1.20E+11,0,4770
data scientist,senior,hybrid,company_610,"Chicago, IL . Hybrid",5 days ago,"Chicago, IL, US",Technology,Private,"51,270",Private,"€83,821","['git', 'r', 'python', 'sql', 'machine learning', 'deep learning']",83821,0,51270
data scientist,senior,remote,company_611,Fully Remote,22 days ago,"Denver, CO, US",Technology,Public,"2,540",Public,"€137,006 - €200,939",[],1.37E+11,0,2540
data scientist,senior,uknown,company_614,Ukraine,14 days ago,"Austin, TX, US",Technology,Private,"10,270",Private,"€65,768","['amazon', 'pytorch', 'python', 'machine learning', 'deep learning', 'tensorflow']",65768,0,10270
data scientist,lead,remote,company_615,Fully Remote,a month ago,"New York, NY, US",Healthcare,Private,180,Private,"€173,536 - €200,936",[],1.74E+11,0,180
data scientist,Uknown,on-site,company_383,"Barcelona, Spain . On-site",a month ago,"Milano, IT",Technology,Private,"3,780",Private,"€46,527 - €76,221",[],4652776221,0,3780
data scientist,Uknown,hybrid,company_624,Hybrid,a month ago,"Paris, IDF, FR",Technology,Private,180,Private,"€39,254 - €58,876",[],3925458876,0,180
data scientist,senior,remote,company_625,Fully Remote,6 months ago,"San Francisco, CA, US",Energy,Private,90,Private,"€141,572 - €168,972",[],1.42E+11,0,90
data scientist,midlevel,on-site,company_631,"San Francisco, CA",21 days ago,"Santa Monica, CA, US",Technology,Public,"9,300",Public,"€130,666 - €241,896","['spark', 'aws', 'python', 'airflow', 'sql', 'gcp', 'machine learning']",1.31E+11,0,9300
data scientist,midlevel,on-site,company_634,"Rockville, MD",a month ago,"Brentford, GB",Healthcare,Public,"106,370",Public,"€124,333 - €207,218","['machine learning', 'r', 'python']",1.24E+11,0,106370
data scientist,senior,hybrid,company_423,"New York, NY . Hybrid",2 months ago,"New York, NY, US",Technology,Private,500,Private,"€109,603 - €118,736",[],1.10E+11,0,500
data scientist,lead,on-site,company_057,"Seattle, WA",7 days ago,"Seattle, WA, US",Retail,Public,"157,150",Public,"€120,567","['python', 'sql', 'machine learning', 'azure', 'tableau']",120567,0,157150
data scientist,senior,remote,company_638,United States,7 days ago,"Chicago, IL, US",Technology,Private,960,Private,"€109,600 - €118,733","['spark', 'aws', 'git', 'r', 'python', 'powerbi', 'scala', 'java', 'sql', 'machine learning', 'gcp', 'hadoop', 'azure', 'matplotlib', 'tableau']",1.10E+11,0,960
data scientist,lead,on-site,company_640,United States,14 days ago,"Coraopolis, PA, US",Retail,Public,"50,040",Public,"€86,958","['pytorch', 'spark', 'python', 'machine learning', 'deep learning', 'azure', 'tensorflow']",86958,0,50040
data scientist,senior,remote,company_642,Fully Remote,2 days ago,"Boston, MA, US",Healthcare,Private,360,Private,"€109,606 - €146,139",[],1.10E+11,0,360
data scientist,senior,hybrid,company_643,"Minneapolis, MN . Hybrid",7 days ago,"Sugar Land, TX, US",Healthcare,Private,751,Private,"€103,871","['sql', 'machine learning', 'r', 'python']",103871,0,751
data scientist,Uknown,hybrid,company_645,Hybrid,a year ago,"Berkeley, CA, US",Technology,Private,180,Private,"€137,003 - €173,536",[],1.37E+11,0,180
data scientist,senior,remote,company_647,"India, Bengaluru . Fully Remote",5 days ago,"London, GB",Technology,Private,900,Private,"€39,026",[],39026,0,900
machine learning engineer,senior,on-site,company_653,"Colorado Springs, CO",14 days ago,"Huntsville, AL, US",Technology,Private,"1,040",Private,"€109,608 - €127,875","['pytorch', 'scikit-learn', 'machine learning', 'tensorflow']",1.10E+11,0,1040
data scientist,senior,hybrid,company_654,"San Francisco, CA . Hybrid",21 days ago,"San Francisco, CA, US",Technology,Private,780,Private,"€146,135 - €196,368",[],1.46E+11,0,780
data scientist,senior,uknown,company_254,"Chicago, IL",7 days ago,"South Bend, IN, US",Healthcare,Public,"2,540",Public,"€63,942 - €86,775","['powerbi', 'r', 'python', 'sql', 'database', 'hadoop', 'tableau']",6394286775,0,2540
data scientist,senior,on-site,company_662,On-site,13 days ago,"Redwood City, CA, US",Technology,Private,600,Private,"€147,968",[],147968,0,600
data scientist,Uknown,hybrid,company_645,Hybrid,3 years ago,"Berkeley, CA, US",Technology,Private,180,Private,"€137,005 - €173,538",[],1.37E+11,0,180
data scientist,Uknown,on-site,company_665,"South San Francisco, California, United States . On-site",2 months ago,"San Francisco, CA, US",Technology,Private,45,Private,"€159,835 - €182,668",[],1.60E+11,0,45
data scientist,senior,uknown,company_666,"Singapore, Singapore",a month ago,SG,Technology,uknown,"6,040",Education,"€80,624",['database'],80624,0,6040
data scientist,lead,on-site,company_668,"Sacramento, California, United States . Jacksonville, Florida, United States . Austin, Texas, United States . Mexico City, Mexico . Ottawa, Ontario, Canada + 17 More . On-site",2 months ago,"San Francisco, CA, US",Technology,Private,420,Private,"€218,288",[],218288,0,420
data scientist,Uknown,on-site,company_670,"Annapolis Junction, Maryland, United States . On-site",7 days ago,"Herndon, VA, US",Technology,Private,57,Private,"€45,667 - €264,871",[],45667264871,0,57
data scientist,senior,remote,company_675,Fully Remote,2 months ago,"El Segundo, CA, US",Technology,Private,45,Private,"€141,574 - €182,674",[],1.42E+11,0,45
data scientist,senior,hybrid,company_216,United States . Hybrid,4 days ago,"Boston, MA, US",Technology,Public,"3,050",Public,"€130,609 - €209,155","['pytorch', 'aws', 'scikit-learn', 'python', 'sql', 'machine learning', 'deep learning', 'tensorflow']",1.31E+11,0,3050
data scientist,senior,uknown,company_678,"Fort Huachuca, AZ . Fort Huachuca, Arizona, United States",22 days ago,"Herndon, VA, US",Technology,Private,"5,060",Private,"€60,287 - €96,820",[],6028796820,0,5060
data scientist,senior,on-site,company_680,"Richmond, VA",8 days ago,"Plano, TX, US",Technology,Private,"2,300",Private,"€91,334 - €109,600","['git', 'r', 'python', 'sql', 'machine learning']",91334109600,0,2300
data scientist,senior,uknown,company_678,"Ashburn, VA",21 days ago,"Herndon, VA, US",Technology,Private,"5,030",Private,"€160,753 - €257,566","['spark', 'aws', 'r', 'python', 'scala', 'java', 'sql', 'machine learning', 'hadoop', 'azure', 'tableau']",1.61E+11,0,5030
data scientist,lead,uknown,company_685,"New York, NY",6 months ago,"New York, NY, US",Technology,Private,"2,060",Private,"€79,654 - €125,307","['spark', 'aws', 'python', 'sql', 'machine learning']",79654125307,0,2060
data scientist,senior,on-site,company_689,Greater Milwaukee,8 days ago,"Green Bay, WI, US",Retail,Public,"4,760",Public,"€94,111 - €161,332","['spark', 'aws', 'r', 'python', 'scala', 'sql', 'machine learning', 'gcp', 'deep learning', 'hadoop', 'azure', 'tableau']",94111161332,0,4760
data scientist,lead,uknown,company_488,"Boston, MA",23 days ago,"Boston, MA, US",Healthcare,uknown,"4,270",Nonprofit,"€149,604 - €182,849","['r', 'python', 'sql', 'machine learning', 'tableau']",1.50E+11,0,4270
data scientist,senior,hybrid,company_690,"Maplewood, MN . Hybrid",7 days ago,"Maplewood, MN, US",Healthcare,Public,"22,030",Public,"€146,393 - €178,925","['machine learning', 'r', 'python']",1.46E+11,0,22030
data scientist,senior,uknown,company_694,"San Francisco, CA",2 days ago,"San Francisco, CA, US",Finance,Private,90,Private,"€200,936 - €264,868","['amazon', 'machine learning']",2.01E+11,0,90
data scientist,senior,hybrid,company_697,"Austin, TX . Hybrid",14 days ago,"Austin, TX, US",Technology,Private,330,Private,"€109,606 - €146,139","['pandas', 'numpy', 'aws', 'r', 'python', 'scikit-learn', 'airflow', 'sql', 'machine learning', 'gcp', 'azure', 'matplotlib', 'tableau']",1.10E+11,0,330
data scientist,senior,hybrid,company_521,"San Francisco, CA . Hybrid",4 days ago,"San Francisco, CA, US",Technology,Private,524,Private,"€164,408 - €182,674","['sql', 'machine learning', 'python']",1.64E+11,0,524
data scientist,junior,remote,company_702,"Dallas, TX",14 days ago,"Dallas, TX, US",Healthcare,uknown,"2,840",Nonprofit,"€43,700","['machine learning', 'r', 'python']",43700,0,2840
data scientist,lead,uknown,company_704,"Elsbethen, Salzburg, Austria",7 days ago,"Fuschl am See, AT",Energy,Private,"13,070",Private,"€29,498","['sql', 'git', 'r', 'python']",29498,0,13070
data scientist,Uknown,on-site,company_705,"San Francisco, CA . On-site",13 days ago,"San Francisco, CA, US",Technology,Private,90,Private,"€131,528 - €175,367",[],1.32E+11,0,90
data scientist,lead,hybrid,company_706,"Los Angeles, CA . Hybrid",a month ago,"Los Angeles, CA, US",Technology,Private,150,Private,"€104,128 - €192,721",[],1.04E+11,0,150
data scientist,Uknown,hybrid,company_708,Hybrid,5 months ago,"San Francisco, CA, US",Technology,Private,45,Private,"€118,739 - €155,272",[],1.19E+11,0,45
data scientist,senior,hybrid,company_709,"Chicago, Illinois, United States . Hybrid",7 days ago,"Buffalo Grove, IL, US",Manufacturing,Private,420,Private,"€156,187",[],156187,0,420
data scientist,senior,remote,company_714,Fully Remote,20 days ago,"Ann Arbor, MI, US",Technology,Private,210,Private,"€200,936",[],200936,0,210
data scientist,lead,remote,company_718,"Detroit, MI",a day ago,"Columbus, OH, US",Finance,Public,"26,010",Public,"€90,424","['aws', 'r', 'python', 'scikit-learn', 'sql', 'machine learning', 'database', 'deep learning', 'tensorflow']",90424,0,26010
data scientist,junior,on-site,company_723,"Miami, FL",14 days ago,"Chicago, IL, US",Finance,Private,"3,790",Private,"€182,667","['pandas', 'spark', 'r', 'python', 'scikit-learn', 'sql', 'gcp', 'machine learning', 'tensorflow', 'tableau']",182667,0,3790
data scientist,lead,uknown,company_727,"New York County, NY",14 days ago,"Chicago, IL, US",Retail,Private,"14,460",Private,"€100,473",[],100473,0,14460
data scientist,lead,hybrid,company_728,"Los Angeles, CA . Hybrid",a month ago,"Los Angeles, CA, US",Technology,Private,150,Private,"€237,468",[],237468,0,150
data scientist,senior,on-site,company_737,United States,a month ago,"San Francisco, CA, US",Technology,Public,"1,780",Public,"€114,170","['pytorch', 'aws', 'r', 'python', 'sql', 'machine learning', 'database', 'deep learning', 'tensorflow']",114170,0,1780
data scientist,senior,uknown,company_738,"Boston, MA",14 days ago,"San Francisco, CA, US",Finance,Private,700,Private,"€189,518 - €205,501","['amazon', 'spark', 'git', 'r', 'python', 'linux', 'java', 'sql', 'machine learning', 'database', 'azure']",1.90E+11,0,700
data scientist,senior,hybrid,company_742,"New York, NY . Hybrid",15 days ago,"New York, NY, US",Retail,Public,"1,800",Public,"€68,501 - €73,068","['amazon', 'r', 'python', 'sql', 'machine learning']",6850173068,0,1800
data scientist,senior,on-site,company_744,"Lake Oswego, OR . Portland, OR . Hillsboro, OR",2 months ago,"Roseburg, OR, US",Finance,Public,"3,780",Public,"€81,237 - €150,867","['aws', 'r', 'python', 'sql', 'machine learning', 'azure']",81237150867,0,3780
data scientist,midlevel,on-site,company_745,San Francisco Bay Area . On-site,5 days ago,"San Francisco, CA, US",Technology,Private,300,Private,"€78,551 - €139,744","['pandas', 'numpy', 'pytorch', 'aws', 'scikit-learn', 'python', 'tensorflow']",78551139744,0,300
data scientist,senior,on-site,company_746,United States,25 days ago,"Omaha, NE, US",Technology,Private,90,Private,"€95,906 - €114,173","['sql', 'machine learning', 'r', 'python']",95906114173,0,90
data scientist,Uknown,uknown,company_754,"Alameda, CA",2 months ago,"Alameda, CA, US",Healthcare,Public,"2,320",Public,"€38,730 - €61,967",[],3873061967,0,2320
data scientist,senior,remote,company_757,United States . Fully Remote,14 days ago,"Miami, FL, US",Finance,Private,226,Private,"€150,707 - €200,940","['sql', 'python']",1.51E+11,0,226
data scientist,senior,on-site,company_759,United States,a month ago,"Reston, VA, US",Technology,Public,"34,020",Public,"€164,406","['pandas', 'pytorch', 'aws', 'r', 'python', 'linux', 'java', 'machine learning', 'gcp', 'deep learning', 'azure', 'tensorflow']",164406,0,34020
data scientist,senior,uknown,company_762,"Grand Rapids, MI",a month ago,"Grand Rapids, MI, US",Retail,Private,"70,060",Private,"€115,541","['pandas', 'numpy', 'pytorch', 'r', 'python', 'sql', 'machine learning', 'azure', 'tensorflow']",115541,0,70060
data scientist,senior,uknown,company_763,"Ahmedabad, Gujarat, India . Bengaluru, Karnataka, India",7 days ago,"New York, NY, US",Technology,Public,"26,670",Public,"€18,675","['pytorch', 'deep learning', 'machine learning', 'python']",18675,0,26670
data scientist,senior,on-site,company_555,"New York, NY",10 days ago,"Boston, MA, US",Finance,Public,"3,060",Public,"€141,570","['kubernetes', 'machine learning', 'python']",141570,0,3060
machine learning engineer,Uknown,hybrid,company_770,Hybrid,12 days ago,"San Francisco, CA, US",Energy,Private,"1,910",Private,"€109,607 - €137,007",[],1.10E+11,0,1910
data scientist,senior,hybrid,company_145,"New York, New York . Hybrid",a day ago,"San Jose, CA, US",Technology,Public,"2,760",Public,"€120,566 - €231,992",[],1.21E+11,0,2760
data scientist,senior,on-site,company_774,"Fredericksburg, VA . Richmond, VA . San Francisco, CA . Seattle, WA",4 days ago,"Chevy Chase, MD, US",Technology,Private,"25,090",Private,"€100,469 - €210,068","['powerbi', 'r', 'python', 'java', 'sql', 'machine learning', 'tableau']",1.00E+11,0,25090
data scientist,senior,uknown,company_780,"Los Angeles, CA",5 days ago,"Los Angeles, CA, US",Healthcare,Private,"5,674",Private,"€95,356 - €163,460","['pandas', 'git', 'r', 'python', 'keras', 'machine learning']",95356163460,0,5674
data scientist,senior,uknown,company_781,"Charlotte, NC . Charlotte, North Carolina, United States",a month ago,"Stamford, CT, US",Technology,Public,"96,050",Public,"€95,902","['machine learning', 'r', 'python']",95902,0,96050
data scientist,senior,hybrid,company_782,"Munich, Germany . Hybrid",7 months ago,"OH, US",Manufacturing,Private,300,Private,"€62,797 - €72,216",[],6279772216,0,300
data scientist,senior,hybrid,company_785,United States . Hybrid,14 days ago,"Birmingham, AL, US",Technology,Private,"5,780",Private,"€112,343 - €225,595","['pytorch', 'spark', 'scikit-learn', 'python', 'sql', 'machine learning', 'tensorflow']",1.12E+11,0,5780
data scientist,senior,hybrid,company_786,"Seattle, WA . Hybrid",18 days ago,"Seattle, WA, US",Retail,Public,"74,020",Public,"€147,962 - €271,261","['aws', 'python', 'scala', 'java', 'gcp', 'machine learning']",1.48E+11,0,74020
data scientist,senior,on-site,company_793,"Pittsburgh, PA",2 months ago,"Pittsburgh, PA, US",Education,uknown,"12,609",Education,"€74,793",['machine learning'],74793,0,12609
data scientist,senior,on-site,company_795,"Calgary, Alberta, Canada . Canada, Moyen-Chari, Chad . Greater Calgary Metropolitan Area",2 months ago,"Herndon, VA, US",Technology,Private,"3,550",Private,"€52,067","['scikit-learn', 'python']",52067,0,3550
data scientist,senior,on-site,company_796,"Augusta, GA",a month ago,"Columbia, MD, US",Technology,Private,150,Private,"€39,797 - €87,544","['machine learning', 'python']",3979787544,0,150
data scientist,senior,on-site,company_797,"Toronto, Ontario, Canada",a month ago,"Toronto, ON, CA",Retail,Public,"20,600",Public,"€59,210","['git', 'python', 'airflow', 'sql', 'machine learning', 'hadoop', 'azure']",59210,0,20600
data scientist,senior,uknown,company_800,"New York, United States",7 days ago,"New York, NY, US",Technology,Public,"10,040",Public,"€77,313 - €96,639","['spark', 'aws', 'git', 'python', 'docker', 'airflow', 'sql', 'machine learning', 'tableau']",7731396639,0,10040
data scientist,senior,uknown,company_804,"Houston, TX . Houston, Texas, Statele Unite Ale Americii . Houston, Texas, USA",a month ago,"Bedford, MA, US",Technology,Public,"2,550",Public,"€118,733","['deep learning', 'machine learning', 'python']",118733,0,2550
data scientist,senior,hybrid,company_807,"Chicago, IL . Hybrid",7 days ago,"Chicago, IL, US",Healthcare,uknown,"1,570",Nonprofit,"€76,471 - €101,121","['r', 'python', 'java', 'sql', 'machine learning', 'database', 'deep learning', 'tableau']",76471101121,0,1570
data scientist,senior,on-site,company_226,"Henrietta, NY",3 months ago,"Rochester, NY, US",Education,uknown,"9,260",Education,"€64,121 - €96,177",['machine learning'],6412196177,0,9260
data scientist,midlevel,on-site,company_796,"Denver, CO",a month ago,"Columbia, MD, US",Technology,Private,150,Private,"€55,940 - €123,063","['machine learning', 'python']",55940123063,0,150
data scientist,senior,hybrid,company_662,Hybrid,13 days ago,"Redwood City, CA, US",Technology,Private,600,Private,"€195,456",[],195456,0,600
data scientist,Uknown,on-site,company_445,On-site,14 days ago,"Ventura, CA, US",Technology,Public,"2,270",Public,"€94,264 - €172,810",[],94264172810,0,2270
data scientist,lead,hybrid,company_814,"Chicago, IL . Hybrid",9 days ago,"Austin, TX, US",Logistics,Private,"1,260",Private,"€182,673 - €274,006",[],1.83E+11,0,1260
data scientist,senior,on-site,company_816,"San Francisco, CA",4 days ago,"San Francisco, CA, US",Retail,Public,"117,030",Public,"€144,893 - €161,660","['aws', 'python', 'machine learning', 'azure', 'deep learning', 'tableau']",1.45E+11,0,117030
data scientist,senior,hybrid,company_817,United States . Hybrid,7 days ago,"New York, NY, US",Education,uknown,"3,510",Education,"€137,003 - €148,876","['pandas', 'aws', 'r', 'python', 'scikit-learn', 'sql', 'machine learning', 'gcp', 'azure']",1.37E+11,0,3510
data scientist,junior,uknown,company_819,"San Diego, CA",6 days ago,"San Diego, CA, US",Finance,uknown,600,Nonprofit,"€86,771 - €114,171","['pandas', 'numpy', 'pytorch', 'aws', 'r', 'python', 'scikit-learn', 'sql', 'machine learning', 'gcp', 'deep learning', 'azure', 'tensorflow', 'tableau']",86771114171,0,600
data scientist,senior,hybrid,company_706,"Los Angeles, CA . Hybrid",a month ago,"Los Angeles, CA, US",Technology,Private,150,Private,"€121,476 - €225,595",[],1.21E+11,0,150
data scientist,senior,uknown,company_738,"Chicago, IL",14 days ago,"San Francisco, CA, US",Finance,Private,700,Private,"€189,520 - €205,503","['amazon', 'spark', 'git', 'r', 'python', 'linux', 'java', 'sql', 'machine learning', 'database', 'azure']",1.90E+11,0,700
data scientist,senior,remote,company_825,"Remote - US . San Diego, California, United States . Fully Remote",14 days ago,"San Diego, CA, US",Technology,Private,210,Private,"€144,750 - €229,724",[],1.45E+11,0,210
data scientist,senior,remote,company_832,"Torrance, CA",7 days ago,"Renton, WA, US",Healthcare,uknown,"120,010",Nonprofit,"€159,835","['r', 'python', 'scala', 'sql', 'machine learning', 'database', 'azure', 'tableau']",159835,0,120010
data scientist,lead,uknown,company_047,"Visakhapatnam Rural mandal, India",7 days ago,"Bengaluru, KA, IN",Technology,Public,"222,040",€24.46B,"€10,053","['deep learning', 'machine learning']",10053,24.46,222040
data scientist,senior,hybrid,company_833,"Canada . Vancouver, BC, Canada . Hybrid",a month ago,"Vancouver, BC, CA",Technology,Private,98,Private,"€118,741 - €155,273",[],1.19E+11,0,98
machine learning engineer,senior,on-site,company_065,"Toronto, Ontario, Canada",a month ago,"Cherry Hill, NJ, US",Technology,Private,"26,030",Private,"€137,008 - €173,541","['pytorch', 'spark', 'aws', 'database', 'sql', 'machine learning', 'deep learning', 'azure', 'tensorflow']",1.37E+11,0,26030
machine learning engineer,senior,hybrid,company_836,"Dublin, Ireland . Hybrid",6 days ago,"San Francisco, CA, US",Technology,Private,630,€1.27B,"€98,012",[],98012,1.27,630
data scientist,senior,on-site,company_316,"Bengaluru, Karnataka, India",14 days ago,"Eden Prairie, MN, US",Healthcare,Public,"37,960",Public,"€29,797 - €32,901","['spark', 'aws', 'python', 'sql', 'machine learning', 'deep learning', 'azure']",2979732901,0,37960
data scientist,senior,hybrid,company_662,"Redwood City, CA (Hybrid) . Hybrid",6 days ago,"Redwood City, CA, US",Technology,Private,600,Private,"€220,119",[],220119,0,600
data scientist,senior,uknown,company_837,"Waltham, MA",7 days ago,"London, GB",Energy,Public,"12,270",€36.93B,"€126,957 - €149,790","['git', 'r', 'python', 'sql', 'azure']",1.27E+11,36.93,12270
machine learning engineer,senior,hybrid,company_690,"Pittsburgh, PA . Hybrid",7 days ago,"Maplewood, MN, US",Healthcare,Public,"22,060",Public,"€108,761 - €132,929","['pytorch', 'aws', 'python', 'machine learning', 'deep learning']",1.09E+11,0,22060
data scientist,lead,on-site,company_184,"New York, NY",5 days ago,"New York, NY, US",Retail,Public,"130,040",€5.23B,"€137,000","['sql', 'machine learning', 'r', 'python']",137000,5.23,130040
data scientist,senior,on-site,company_015,"Los Angeles County, CA",7 days ago,"Menlo Park, CA, US",Technology,Public,900,Public,"€121,475 - €132,435","['pandas', 'numpy', 'pytorch', 'aws', 'scikit-learn', 'python', 'scipy', 'sql', 'machine learning', 'gcp', 'azure', 'tensorflow']",1.21E+11,0,900
data scientist,senior,on-site,company_134,"Arlington, VA . Bellevue, WA",a day ago,"Seattle, WA, US",Retail,Public,"865,436",€832.81B,"€155,268 - €177,188","['amazon', 'aws', 'r', 'python', 'sql', 'machine learning', 'tableau']",1.55E+11,832.81,865436
data scientist,senior,on-site,company_763,"Princeton, NJ . New York, NY",19 days ago,"New York, NY, US",Technology,Public,"26,630",Public,"€118,737 - €168,970","['pytorch', 'python', 'machine learning', 'keras', 'deep learning', 'tensorflow']",1.19E+11,0,26630
data scientist,midlevel,on-site,company_269,"Chennai, Tamil Nadu, India . Hyderabad, Telangana, India",a month ago,"Charlotte, NC, US",Finance,Public,"274,280",€276.82B,"€20,926","['hadoop', 'git', 'gcp', 'python']",20926,276.82,274280
data scientist,senior,remote,company_832,"Washington, United States",7 days ago,"Renton, WA, US",Healthcare,uknown,"120,040",Nonprofit,"€159,834","['r', 'python', 'scala', 'sql', 'machine learning', 'database', 'azure', 'tableau']",159834,0,120040
data scientist,senior,remote,company_141,"Fort Worth, TX",14 days ago,"Bethesda, MD, US",Technology,Public,"108,650",€117.13B,"€100,474 - €132,440",['machine learning'],1.00E+11,117.13,108650
data scientist,senior,uknown,company_250,"New York, NY . Chicago, IL",4 days ago,"Paris, FR",Healthcare,Private,"76,010",Private,"€66,119 - €99,994","['amazon', 'aws']",6611999994,0,76010
data scientist,senior,hybrid,company_840,"East Coast, United States . New York, United States . Hybrid",a month ago,"Altrincham, GB",Healthcare,Private,240,Private,"€124,220 - €168,060",[],1.24E+11,0,240
data scientist,senior,uknown,company_844,"Mountain View, CA",21 days ago,"Mountain View, CA, US",Technology,Public,"17,040",€94.59B,"€168,973","['r', 'python', 'sql', 'machine learning', 'tableau']",168973,94.59,17040
data scientist,Uknown,remote,company_845,Fully Remote,5 days ago,"San Francisco, CA, US",Finance,Private,457,Private,"€115,085 - €152,531",[],1.15E+11,0,457
data scientist,lead,hybrid,company_846,"Greater Birmingham, Alabama Area . Hybrid",14 days ago,"Boulder, CO, US",Energy,Private,240,Private,"€118,740 - €155,273",[],1.19E+11,0,240
data scientist,senior,hybrid,company_313,"Markham, Ontario, Canada . Toronto, Ontario, Canada . Hybrid",a month ago,"London, GB",Finance,Public,"29,490",Public,"€73,454","['machine learning', 'python']",73454,0,29490
data scientist,midlevel,uknown,company_233,"Springfield, VA",a month ago,"Reston, VA, US",Technology,Public,"27,420",Public,"€81,926 - €148,097","['git', 'r', 'python', 'docker', 'linux', 'java', 'sql', 'database', 'deep learning']",81926148097,0,27420
data scientist,senior,remote,company_572,Fully Remote,19 days ago,"San Francisco, CA, US",Technology,Private,45,Private,"€155,266 - €178,099",[],1.55E+11,0,45
data scientist,senior,on-site,company_355,"Bellevue, WA . San Francisco, CA . Seattle, WA . Palo Alto, CA",14 days ago,"San Francisco, CA, US",Technology,Public,"65,810",€130.59B,"€125,226 - €216,010","['sql', 'r', 'python']",1.25E+11,130.59,65810
data scientist,senior,hybrid,company_848,"Cambridge, MA . Hybrid",16 days ago,"Basel, BS, CH",Healthcare,Public,"107,710",€161.05B,"€79,461",['python'],79461,161.05,107710
data scientist,midlevel,on-site,company_231,"South San Francisco, CA . On-site",25 days ago,"Kenilworth, NJ, US",Healthcare,Public,"78,700",€231.13B,"€157,737 - €248,339","['machine learning', 'r', 'python']",1.58E+11,231.13,78700
data scientist,senior,hybrid,company_182,"Navi Mumbai, Maharashtra, India . Hybrid",7 days ago,"Chicago, IL, US",Finance,Public,"9,900",Public,"€15,539","['python', 'neural network', 'sql', 'machine learning', 'deep learning']",15539,0,9900
data scientist,midlevel,on-site,company_288,"Washington, DC . On-site",5 days ago,"Reston, VA, US",Technology,Public,"26,060",€62.89B,"€146,141 - €182,673",['python'],1.46E+11,62.89,26060
data scientist,midlevel,hybrid,company_793,"Pittsburgh, PA . Hybrid",a month ago,"Pittsburgh, PA, US",Education,uknown,"12,659",Education,"€44,521 - €59,359","['database', 'sql', 'r', 'python']",4452159359,0,12659
data scientist,senior,on-site,company_445,On-site,2 days ago,"Ventura, CA, US",Technology,Public,"2,300",Public,"€151,799 - €278,294",[],1.52E+11,0,2300
data scientist,Uknown,hybrid,company_851,"Bangalore, Karnataka, India . Hybrid",10 months ago,"Edison, NJ, US",Technology,Private,"3,570",Private,"€34,569",[],34569,0,3570
data scientist,senior,uknown,company_166,"Veldhoven, North Brabant, Netherlands",14 days ago,"Veldhoven, NB, NL",Technology,Public,"24,800",€173.51B,"€82,367",[],82367,173.51,24800
data scientist,senior,uknown,company_852,"San Antonio, TX",14 days ago,"San Antonio, TX, US",Retail,Private,"23,910",Private,"€130,610","['spark', 'r', 'python', 'docker', 'scala', 'java', 'sql', 'machine learning', 'kubernetes', 'deep learning', 'tensorflow']",130610,0,23910
data scientist,lead,on-site,company_420,"Bangkok, Bangkok, Thailand . On-site",a month ago,"Singapore, SG",Technology,Private,"4,570",Private,"€54,267",[],54267,0,4570
data scientist,senior,uknown,company_308,"Hyderabad, Telangana, India",4 days ago,"Redmond, WA, US",Technology,Public,"182,288",€1.68T,"€48,604","['pytorch', 'spark', 'r', 'python', 'scikit-learn', 'scala', 'machine learning', 'deep learning', 'hadoop', 'azure', 'tensorflow']",48604,1.68,182288
data scientist,senior,remote,company_037,"Remote, United States . Fully Remote",14 days ago,"San Francisco, CA, US",Finance,Private,300,Private,"€167,139",[],167139,0,300
data scientist,lead,hybrid,company_851,"Bangalore, Karnataka, India . Hybrid",a month ago,"Edison, NJ, US",Technology,Private,"3,560",Private,"€34,568",[],34568,0,3560
data scientist,senior,uknown,company_694,"San Francisco, CA",2 months ago,"San Francisco, CA, US",Finance,Private,90,Private,"€200,936 - €264,868","['amazon', 'machine learning']",2.01E+11,0,90
data scientist,lead,remote,company_859,"Cardiff, London or Remote (UK) . Fully Remote",3 months ago,"London, GB",Technology,Private,"1,530",€4.36B,"€86,767 - €105,033",[],86767105033,4.36,1530
data scientist,senior,uknown,company_116,"Louisville, KY",14 days ago,"Dearborn, MI, US",Technology,Public,"187,570",€51.83B,"€107,773","['pandas', 'numpy', 'pytorch', 'git', 'r', 'python', 'scikit-learn', 'sql', 'gcp', 'machine learning', 'tensorflow', 'tableau']",107773,51.83,187570
data scientist,senior,uknown,company_861,"Oklahoma City, OK",7 days ago,"Oklahoma City, OK, US",Technology,Public,"4,780",Public,"€114,172",['machine learning'],114172,0,4780
data scientist,senior,on-site,company_864,"St Louis, MO",a month ago,"Brentwood, MO, US",Retail,Public,"11,020",Public,"€101,079 - €157,680","['pandas', 'amazon', 'powerbi', 'git', 'r', 'python', 'scipy', 'sql', 'machine learning', 'database', 'azure', 'matplotlib', 'tableau']",1.01E+11,0,11020
data scientist,senior,on-site,company_705,"San Francisco, CA . On-site",4 months ago,"San Francisco, CA, US",Technology,Private,90,Private,"€155,269 - €189,976",[],1.55E+11,0,90
data scientist,senior,hybrid,company_667,"Mountain View, CA, US . San Francisco, CA, US . Hybrid",9 days ago,"Mountain View, CA, US",Technology,Private,"2,810",Private,"€226,506",[],226506,0,2810
data scientist,senior,hybrid,company_083,"Madrid, Community of Madrid, Spain . Hybrid",21 days ago,"Paris, IDF, FR",Technology,Private,"263,610",€25.51B,"€32,158","['pandas', 'numpy', 'aws', 'r', 'python', 'scikit-learn', 'machine learning', 'gcp', 'deep learning', 'azure', 'matplotlib']",32158,25.51,263610
data scientist,senior,hybrid,company_870,"Chicago, Illinois, United States . New York, New York, United States . Hybrid",13 days ago,"Chicago, IL, US",Technology,Private,420,Private,"€159,841 - €205,507",[],1.60E+11,0,420
data scientist,lead,on-site,company_235,"San Antonio, TX",7 days ago,"San Antonio, TX, US",Finance,Private,"33,010",Private,"€150,499 - €287,662","['r', 'python', 'sql', 'database', 'machine learning']",1.50E+11,0,33010
data scientist,lead,on-site,company_871,"San Francisco, CA",7 days ago,"San Francisco, CA, US",Technology,Private,45,Private,"€164,407 - €191,806","['pytorch', 'aws', 'machine learning', 'azure', 'deep learning', 'tensorflow']",1.64E+11,0,45
data scientist,senior,on-site,company_185,"Linthicum Heights, MD . On-site",7 days ago,"Falls Church, VA, US",Technology,Public,"97,070",€75.05B,"€158,745 - €197,653","['pandas', 'numpy', 'python', 'sql', 'database', 'matplotlib', 'tableau']",1.59E+11,75.05,97070
data scientist,junior,uknown,company_152,"Atlanta, GA",11 days ago,"Atlanta, GA, US",Finance,Public,"53,700",€19.70B,"€125,135","['sql', 'machine learning', 'r', 'python']",125135,19.7,53700
data scientist,senior,on-site,company_873,"Santa Clara, CA . On-site",15 days ago,"Santa Clara, CA, US",Technology,Private,75,Private,"€146,140 - €219,206",[],1.46E+11,0,75
data scientist,midlevel,uknown,company_781,"Stamford, CT",21 days ago,"Stamford, CT, US",Technology,Public,"96,040",Public,"€95,906","['spark', 'r', 'python', 'sql', 'machine learning']",95906,0,96040
data scientist,senior,on-site,company_422,"Englewood, CO . On-site",14 days ago,"Englewood, CO, US",Technology,Public,"2,520",Public,"€75,957 - €108,508","['amazon', 'r', 'python', 'sql', 'database', 'machine learning', 'tableau']",75957108508,0,2520
data scientist,midlevel,uknown,company_875,"Princeton, NJ",15 days ago,"Princeton, NJ, US",Healthcare,Public,"3,570",Public,"€150,270 - €224,665","['sql', 'r', 'python']",1.50E+11,0,3570
data scientist,midlevel,on-site,company_878,"San Francisco, CA . San Jose, CA . Seattle, WA",2 days ago,"San Jose, CA, US",Technology,Public,"21,310",€144.62B,"€99,560 - €175,732","['spark', 'python', 'sql', 'hadoop', 'machine learning']",99560175732,144.62,21310
data scientist,senior,uknown,company_879,"Madrid, Community of Madrid, Spain",23 days ago,"Birmingham, AL, US",Finance,Public,"123,020",Public,"€41,559","['pandas', 'numpy', 'pytorch', 'aws', 'scikit-learn', 'python', 'docker', 'sql', 'machine learning', 'kubernetes', 'azure', 'tensorflow']",41559,0,123020
data scientist,senior,on-site,company_880,United States,a month ago,"San Diego, CA, US",Retail,Public,"27,030",Public,"€94,812 - €142,214","['aws', 'scikit-learn', 'python', 'sql', 'machine learning', 'gcp', 'azure']",94812142214,0,27030
data scientist,Uknown,hybrid,company_403,"Boston, MA . Hybrid",8 days ago,"Boston, MA, US",Retail,Public,"17,040",Public,"€110,516 - €120,563",[],1.11E+11,0,17040
data scientist,senior,uknown,company_603,"Queenstown, Central Singapore Community Development Council, Singapore",a month ago,"Singapore, SG",Education,uknown,210,Education,"€54,804","['neural network', 'machine learning', 'r', 'python']",54804,0,210
machine learning engineer,senior,on-site,company_883,"Newport Beach, CA . Ньюпорт-Бич, Калифорния, Соединенные Штаты Америки",18 days ago,"Walldorf, BW, DE",Technology,Public,"117,800",€104.16B,"€114,167 - €127,867","['pytorch', 'machine learning', 'database', 'deep learning', 'tensorflow']",1.14E+11,104.16,117800
data scientist,lead,remote,company_236,Canada . Fully Remote,2 days ago,"Miami, FL, US",Technology,Private,30,Private,"€200,938 - €246,604","['sql', 'machine learning']",2.01E+11,0,30
data scientist,senior,hybrid,company_032,"San Diego, CA . Hybrid",3 months ago,"Minato City, JP",Technology,Public,"110,020",€84.89B,"€149,700 - €224,593","['pandas', 'numpy', 'scikit-learn', 'python', 'sql', 'machine learning', 'deep learning']",1.50E+11,84.89,110020
data scientist,midlevel,hybrid,company_061,"Manchester, England, United Kingdom . Hybrid",7 days ago,"Manchester, GB",Technology,Public,"1,310",Public,"€36,538 - €54,805","['airflow', 'spark', 'machine learning', 'python']",3653854805,0,1310
data scientist,senior,uknown,company_366,"Columbia, MD",4 days ago,"Columbia, MD, US",Technology,Private,180,Private,"€73,072","['spark', 'aws', 'python', 'sql', 'machine learning', 'gcp', 'azure']",73072,0,180
data scientist,senior,uknown,company_291,"Bengaluru East, Karnataka, India",4 days ago,"Bengaluru, KA, IN",Technology,Public,"261,040",€71.08B,"€9,585","['aws', 'r', 'python', 'sql', 'neural network', 'gcp', 'azure']",9585,71.08,261040
data scientist,senior,hybrid,company_309,"New York, United States . Hybrid",5 days ago,"New York, NY, US",Technology,Private,"3,510",Private,"€137,008 - €150,708","['pandas', 'pytorch', 'aws', 'r', 'python', 'sql', 'machine learning', 'deep learning']",1.37E+11,0,3510
data scientist,senior,hybrid,company_885,"Bethesda, MD . Hybrid",14 days ago,"Reston, VA, US",Technology,uknown,"1,060",Nonprofit,"€130,245 - €203,539","['sql', 'r', 'python']",1.30E+11,0,1060
machine learning engineer,senior,uknown,company_889,"Brooklyn, NY",3 months ago,"NY, US",Energy,Public,"6,160",Public,"€187,238 - €216,464","['spark', 'python', 'scala', 'java', 'airflow', 'gcp', 'machine learning', 'tensorflow']",1.87E+11,0,6160
machine learning engineer,Uknown,on-site,company_312,"San Francisco, CA . Seattle, WA . New York, NY . On-site",6 days ago,"Montreal, QC, CA",Technology,Private,31,Private,"€200,936 - €296,835",[],2.01E+11,0,31
data scientist,senior,on-site,company_744,"Hillsboro, OR . Portland, OR . Lake Oswego, OR",14 days ago,"Roseburg, OR, US",Finance,Public,"3,790",Public,"€81,245 - €150,875","['aws', 'r', 'python', 'sql', 'machine learning', 'azure']",81245150875,0,3790
data scientist,senior,uknown,company_894,"Fort Worth, TX",7 days ago,"Benbrook, TX, US",Technology,Private,510,Private,"€100,473",['machine learning'],100473,0,510
data scientist,senior,uknown,company_895,"Annapolis Junction, MD",3 months ago,"Centreville, VA, US",Technology,Public,"16,070",Public,"€110,337 - €198,564","['sql', 'machine learning', 'r', 'python']",1.10E+11,0,16070
data scientist,senior,uknown,company_896,"Dallas, TX",14 days ago,"Dallas, TX, US",Finance,Public,"100,050",Public,"€75,815","['sql', 'machine learning', 'python']",75815,0,100050
machine learning engineer,senior,uknown,company_371,"South San Francisco, CA",7 days ago,"South San Francisco, CA, US",Healthcare,Private,250,Private,"€155,270 - €212,810","['pytorch', 'deep learning', 'machine learning', 'python']",1.55E+11,0,250
data scientist,senior,hybrid,company_115,"Bengaluru, Karnataka, India . Hybrid",7 days ago,"Frankfurt am Main, HE, DE",Finance,Public,"68,440",Public,"€24,203","['pytorch', 'aws', 'python', 'sql', 'gcp', 'azure', 'tensorflow']",24203,0,68440
data scientist,senior,on-site,company_251,"Alpharetta, GA",14 days ago,"Roseland, NJ, US",Technology,Public,"65,130",Public,"€58,368 - €156,350","['aws', 'powerbi', 'r', 'python', 'sql', 'machine learning', 'tableau']",58368156350,0,65130
data scientist,Uknown,on-site,company_096,"New York, New York, United States . On-site",a month ago,"San Francisco, CA, US",Finance,Private,950,€11.38B,"€138,834 - €173,541",[],1.39E+11,11.38,950
data scientist,senior,hybrid,company_146,"Toronto, ON . Hybrid",12 days ago,"San Francisco, CA, US",Finance,Private,780,€11.85B,"€179,015 - €246,144",[],1.79E+11,11.85,780
data scientist,Uknown,hybrid,company_081,"Toronto, Canada . Hybrid",7 days ago,"San Francisco, CA, US",Technology,Public,"5,010",€4.42B,"€98,647",[],98647,4.42,5010
data scientist,senior,uknown,company_293,"Bengaluru, Karnataka, India",5 months ago,"Bengaluru, KA, IN",Technology,Private,"15,470",€9.87B,"€36,101","['deep learning', 'machine learning', 'python']",36101,9.87,15470
data scientist,senior,on-site,company_007,"Vancouver, British Columbia, Canada . Marina del Rey, CA . Los Angeles Metropolitan Area . Kirkland, WA . Redwood City, CA",7 days ago,"Redwood City, CA, US",Technology,Public,"25,920",€33.70B,"€121,844 - €176,460","['git', 'python', 'docker', 'sql', 'machine learning', 'kubernetes', 'deep learning']",1.22E+11,33.7,25920
machine learning engineer,senior,on-site,company_135,"Taipei, Taiwan . On-site",2 months ago,TW,Technology,Private,530,Private,"€36,342",[],36342,0,530
data scientist,lead,hybrid,company_905,United States . Hybrid,3 months ago,"Buffalo, NY, US",Finance,Public,"16,880",Public,"€105,680 - €176,131","['python', 'neural network', 'sql', 'database', 'machine learning', 'tableau']",1.06E+11,0,16880
data scientist,senior,on-site,company_392,United States,a month ago,"Jacksonville, FL, US",Finance,Public,"62,070",€35.42B,"€157,013 - €263,790","['spark', 'aws', 'python', 'sql', 'machine learning', 'gcp', 'azure']",1.57E+11,35.42,62070
data scientist,senior,uknown,company_047,"Gurugram, Haryana, India",7 days ago,"Bengaluru, KA, IN",Technology,Public,"222,030",€24.16B,"€10,048","['aws', 'machine learning']",10048,24.16,222030
data scientist,lead,on-site,company_909,"New York, NY",a month ago,"Milwaukee, WI, US",Finance,Private,"32,340",Private,"€129,722 - €230,343","['spark', 'r', 'python', 'java', 'sql', 'machine learning']",1.30E+11,0,32340
data scientist,lead,remote,company_022,"Atlanta, GA",3 days ago,"Charlotte, NC, US",Technology,Public,"103,070",€128.23B,"€96,818","['pytorch', 'spark', 'aws', 'python', 'machine learning', 'gcp', 'deep learning', 'keras', 'azure', 'tensorflow']",96818,128.23,103070
data scientist,senior,uknown,company_912,"Bengaluru East, Karnataka, India",7 days ago,"Scottsdale, AZ, US",Technology,Private,"3,980",Private,"€35,019","['pandas', 'numpy', 'pytorch', 'spark', 'git', 'python', 'docker', 'database', 'deep learning', 'sql', 'machine learning', 'gcp', 'kubernetes', 'keras', 'azure', 'matplotlib', 'tensorflow']",35019,0,3980
data scientist,senior,on-site,company_367,On-site,a month ago,"New York, NY, US",Technology,Private,420,Private,"€192,721 - €216,467",[],1.93E+11,0,420
data scientist,midlevel,on-site,company_395,"McLean, VA",18 days ago,"McLean, VA, US",Retail,Public,"55,090",€36.38B,"€144,860 - €165,319","['spark', 'aws', 'r', 'python', 'scala', 'sql', 'machine learning', 'database', 'deep learning']",1.45E+11,36.38,55090
data scientist,midlevel,on-site,company_914,Los Angeles Metropolitan Area . On-site,14 days ago,"Los Angeles, CA, US",Technology,Public,510,Public,"€100,470 - €114,170","['machine learning', 'python']",1.00E+11,0,510
data scientist,senior,remote,company_695,"Maryland, United States",14 days ago,"London, GB",Technology,Public,"9,200",Public,"€85,856 - €167,004","['pytorch', 'aws', 'r', 'python', 'machine learning', 'gcp', 'azure', 'tensorflow']",85856167004,0,9200
data scientist,lead,on-site,company_916,United States,a month ago,"Columbus, OH, US",Technology,Public,"1,300",Public,"€138,102 - €172,625","['sql', 'machine learning', 'r', 'python']",1.38E+11,0,1300
data scientist,senior,uknown,company_917,"Bengaluru, Karnataka, India",10 days ago,"Mountain View, CA, US",Technology,Public,"258,790",€1.34T,"€42,493","['pandas', 'r', 'python', 'sql', 'database']",42493,1.34,258790
data scientist,senior,uknown,company_171,"Hyderabad, Telangana, India",15 days ago,"Armonk, NY, US",Technology,Public,"524,608",€119.23B,"€27,276 - €52,697","['database', 'machine learning', 'java']",2727652697,119.23,524608
data scientist,senior,on-site,company_310,"Doral, FL",3 months ago,"Arlington, VA, US",Technology,Public,"20,050",Public,"€104,676 - €230,258","['r', 'python', 'linux', 'java', 'sql', 'machine learning', 'database', 'deep learning']",1.05E+11,0,20050
data scientist,midlevel,hybrid,company_080,"Vancouver, British Columbia, Canada . Hybrid",5 days ago,"Toronto, ON, CA",Finance,Public,"26,050",Public,"€109,786 - €164,585","['pytorch', 'aws', 'scikit-learn', 'python', 'machine learning']",1.10E+11,0,26050
data scientist,senior,remote,company_746,United States,14 days ago,"Omaha, NE, US",Technology,Private,90,Private,"€114,973 - €141,567","['sql', 'machine learning', 'python']",1.15E+11,0,90
data scientist,senior,hybrid,company_922,"Columbus, OH . Hybrid",10 days ago,"Hartford, CT, US",Finance,Public,"18,200",€21.55B,"€100,036 - €150,050",['machine learning'],1.00E+11,21.55,18200
data scientist,senior,remote,company_416,Washington DC-Baltimore Area . Fully Remote,a month ago,"Mountain View, CA, US",Technology,Private,360,€1.80B,"€164,407 - €182,673","['aws', 'python', 'machine learning', 'gcp', 'kubernetes', 'azure']",1.64E+11,1.8,360
data scientist,senior,on-site,company_415,"United States, Denver . On-site",22 days ago,"New York, NY, US",Technology,Private,900,€4.50B,"€172,624",[],172624,4.5,900
data scientist,senior,on-site,company_893,"Lexington, MA",8 days ago,"Heerlen, LI, NL",Technology,uknown,Private,0,"€117,553 - €159,840","['aws', 'git', 'r', 'python', 'docker']",1.18E+11,0,
data scientist,Uknown,on-site,company_096,"New York, New York, United States . On-site",a month ago,"San Francisco, CA, US",Finance,Private,950,€11.33B,"€138,826 - €173,533",[],1.39E+11,11.33,950
data scientist,midlevel,remote,company_421,"Charlotte, AR . Fully Remote",14 days ago,"Cheyenne, WY, US",Technology,uknown,Private,0,"€25,211","['sql', 'machine learning', 'python']",25211,0,
data scientist,Uknown,hybrid,company_081,"Toronto, Canada . Hybrid",7 days ago,"San Francisco, CA, US",Technology,Public,"5,010",€4.42B,"€98,642 - €123,302",[],98642123302,4.42,5010
data scientist,senior,uknown,company_924,"Gainesville, FL",3 months ago,"Gainesville, FL, US",Education,uknown,"19,503",Education,"€55,715 - €58,455","['pandas', 'numpy', 'pytorch', 'r', 'python', 'scikit-learn', 'scipy', 'machine learning', 'keras', 'deep learning', 'tensorflow']",5571558455,0,19503
data scientist,senior,hybrid,company_925,San Francisco Bay Area . Hybrid,a month ago,"Dublin 2, IE",Technology,Private,150,Private,"€164,401 - €214,633","['pandas', 'spark', 'aws', 'r', 'python', 'scikit-learn', 'opencv', 'sql', 'machine learning', 'gcp', 'deep learning']",1.64E+11,0,150
data scientist,senior,uknown,company_928,"Barcelona, Catalonia, Spain",12 days ago,"Barcelona, CT, ES",Technology,Private,"4,770",Private,"€53,099","['deep learning', 'aws', 'machine learning', 'python']",53099,0,4770
data scientist,senior,on-site,company_930,"San Diego, CA",21 days ago,"San Diego, CA, US",Healthcare,Private,"1,530",Private,"€167,749 - €215,676","['pytorch', 'python', 'java', 'sql', 'machine learning', 'deep learning', 'tensorflow']",1.68E+11,0,1530
data scientist,senior,on-site,company_932,"Palo Alto, CA . Vancouver, WA . Spring, TX",25 days ago,"Palo Alto, CA, US",Technology,Public,"51,070",Public,"€140,657 - €216,600","['sql', 'powerbi', 'machine learning', 'python']",1.41E+11,0,51070
data scientist,senior,uknown,company_937,"Atlanta, GA",6 months ago,"Atlanta, GA, US",Retail,Public,"500,010",Public,"€111,435","['sql', 'tableau', 'python']",111435,0,500010
data scientist,senior,hybrid,company_008,"San Jose, CA . Hybrid",3 months ago,"San Jose, CA, US",Technology,Public,"34,660",€81.76B,"€139,285 - €239,614","['sql', 'machine learning', 'python']",1.39E+11,81.76,34660
machine learning engineer,senior,remote,company_690,"Maplewood, MN",a day ago,"Maplewood, MN, US",Healthcare,Public,"22,020",Public,"€125,529 - €153,424","['machine learning', 'python']",1.26E+11,0,22020
data scientist,senior,remote,company_169,Fully Remote,4 days ago,"San Francisco, CA, US",Technology,Public,"4,110",€7.79B,"€184,866 - €207,973",[],1.85E+11,7.79,4110
machine learning engineer,junior,uknown,company_941,"Bengaluru, Karnataka, India",14 days ago,"Dublin, IE",Technology,Public,"492,245",€153.30B,"€10,527 - €26,188",['machine learning'],1052726188,153.3,492245
data scientist,senior,remote,company_611,"Denver, CO - Remote . Fully Remote",22 days ago,"Denver, CO, US",Technology,Public,"2,540",Public,"€137,006 - €200,939",[],1.37E+11,0,2540
data scientist,senior,hybrid,company_214,"Washington, DC . Hybrid",a month ago,"Montréal, QC, CA",Technology,Public,"57,290",€17.25B,"€105,769","['r', 'python', 'sql', 'machine learning', 'matplotlib', 'tableau']",105769,17.25,57290
Uknown,lead,hybrid,company_946,"New York, NY . Hybrid",5 days ago,"New York, NY, US",Technology,Private,"52,380",Private,"€200,935 - €296,834","['aws', 'gcp', 'azure']",2.01E+11,0,52380
data scientist,lead,hybrid,company_728,"San Francisco, CA . Hybrid",a month ago,"Los Angeles, CA, US",Technology,Private,150,Private,"€258,479",[],258479,0,150
data scientist,senior,uknown,company_223,"London, England, United Kingdom",2 months ago,"New York, NY, US",Technology,Public,"10,060",Public,"€76,371","['powerbi', 'python', 'sql', 'machine learning', 'tableau']",76371,0,10060
data scientist,lead,hybrid,company_947,Hybrid,a month ago,"New York, NY, US",Technology,Private,"2,020",Private,"€109,604 - €200,937",[],1.10E+11,0,2020
machine learning engineer,senior,on-site,company_156,"Mountain View, California (HQ) . On-site",16 days ago,"Mountain View, CA, US",Technology,Private,900,€8.05B,"€184,816 - €276,788",[],1.85E+11,8.05,900
data scientist,senior,on-site,company_273,"London, England, United Kingdom",6 months ago,"Menlo Park, CA, US",Technology,Public,"94,530",€230.27B,"€103,877 - €144,998","['sql', 'r', 'python']",1.04E+11,230.27,94530
machine learning engineer,senior,remote,company_949,United States . Fully Remote,21 days ago,"San Francisco, CA, US",Technology,Private,150,Private,"€155,272 - €200,939","['pytorch', 'aws', 'r', 'python', 'machine learning', 'gcp', 'deep learning']",1.55E+11,0,150
data scientist,senior,remote,company_950,United States . Fully Remote,14 days ago,"New York, NY, US",Technology,Private,30,Private,"€109,601 - €173,534","['sql', 'tableau', 'python']",1.10E+11,0,30
data scientist,lead,remote,company_951,"New York, NY",7 days ago,"New York, NY, US",Finance,Private,"8,010",Private,"€136,032 - €223,478","['pytorch', 'python', 'machine learning', 'deep learning', 'tensorflow']",1.36E+11,0,8010
data scientist,senior,uknown,company_052,"Amsterdam, North Holland, Netherlands",a month ago,"San Francisco, CA, US",Technology,Public,"26,910",€53.25B,"€72,513","['tableau', 'sql', 'r', 'python']",72513,53.25,26910
data scientist,Uknown,hybrid,company_952,Hybrid,6 days ago,"Culver City, CA, US",Education,Private,390,Private,"€109,600 - €137,000",[],1.10E+11,0,390
data scientist,senior,hybrid,company_146,"New York City, NY . San Francisco, CA . Hybrid",12 days ago,"San Francisco, CA, US",Finance,Private,780,€11.80B,"€175,364 - €241,124",[],1.75E+11,11.8,780
data scientist,midlevel,on-site,company_105,"Gurgaon, Haryana, India",15 days ago,"New York, NY, US",Technology,Private,"30,060",Private,"€24,227","['aws', 'python', 'docker', 'machine learning', 'gcp', 'kubernetes', 'azure']",24227,0,30060
data scientist,senior,uknown,company_954,"Palo Alto, CA",14 days ago,"CA, US",Technology,Private,15,Private,"€137,004 - €228,336",[],1.37E+11,0,15
data scientist,Uknown,remote,company_675,"Remote, United States . Fully Remote",6 days ago,"El Segundo, CA, US",Technology,Private,45,Private,"€118,741 - €182,674",[],1.19E+11,0,45
data scientist,senior,uknown,company_270,"Dallas, TX",7 days ago,"Woonsocket, RI, US",Healthcare,Public,"300,070",€121.37B,"€76,206 - €203,204","['git', 'python', 'docker', 'sql', 'machine learning', 'kubernetes', 'azure']",76206203204,121.37,300070
data scientist,senior,hybrid,company_115,"Bengaluru, Karnataka, India . Hybrid",a day ago,"Frankfurt am Main, HE, DE",Finance,Public,"68,430",Public,"€24,205","['pytorch', 'aws', 'python', 'sql', 'gcp', 'azure', 'tensorflow']",24205,0,68430
data scientist,lead,uknown,company_244,"Bengaluru, Karnataka, India",5 days ago,"New York, NY, US",Finance,Public,"290,770",€350.37B,"€42,738","['sql', 'machine learning', 'tableau', 'python']",42738,350.37,290770
data scientist,senior,uknown,company_233,"San Diego, CA",4 days ago,"Reston, VA, US",Technology,Public,"27,440",Public,"€95,583 - €172,782","['machine learning', 'python']",95583172782,0,27440
data scientist,lead,on-site,company_962,"Stamford, CT",a month ago,"Stamford, CT, US",Technology,Public,"3,305",Public,"€138,011 - €166,416",['python'],1.38E+11,0,3305
data scientist,senior,on-site,company_119,"Menlo Park, CA . On-site",a month ago,"West Menlo Park, CA, US",Finance,Public,"3,790",€7.94B,"€184,499 - €217,378",[],1.84E+11,7.94,3790
data scientist,senior,remote,company_038,"Stockholm, Stockholm County, Sweden",7 days ago,"Kista, SE",Technology,Public,"131,970",€17.11B,"€52,510","['spark', 'scikit-learn', 'python', 'scala', 'java', 'machine learning', 'keras', 'deep learning', 'tensorflow']",52510,17.11,131970
data scientist,senior,remote,company_964,"Herndon, VA",a day ago,"Westminster, CO, US",Technology,Public,"2,870",Public,"€123,307 - €168,973","['pandas', 'numpy', 'aws', 'git', 'python', 'docker', 'linux', 'sklearn', 'machine learning', 'kubernetes', 'deep learning', 'azure', 'matplotlib']",1.23E+11,0,2870
data scientist,senior,uknown,company_610,"Chicago, IL",25 days ago,"Chicago, IL, US",Technology,Private,"51,230",Private,"€104,727","['java', 'machine learning', 'r', 'python']",104727,0,51230
data scientist,Uknown,remote,company_965,Fully Remote,13 days ago,"Bellevue, WA, US",Technology,Private,330,Private,"€87,643",[],87643,0,330
data scientist,lead,hybrid,company_645,Hybrid,9 days ago,"Berkeley, CA, US",Technology,Private,180,Private,"€178,100 - €205,500",[],1.78E+11,0,180
data scientist,senior,remote,company_966,"California, United States, Colorado, United States, Florida, United States, Georgia, United States, Illinois, United States, Massachusetts, United States, Nevada, United States, New Jersey, United States, New York, United States, North Carolina, United States, Oregon, United States, Pennsylvania, United States, South Carolina, United States, Texas, United States, Virginia, United States, Washington, United States . Fully Remote",14 days ago,"San Francisco, CA, US",Finance,Private,240,Private,"€173,535",[],173535,0,240
data scientist,senior,hybrid,company_967,Greater Bengaluru Area . Hybrid,15 days ago,"San Diego, CA, US",Technology,Private,950,Private,"€2,739,979","['spark', 'aws', 'r', 'python', 'sql', 'machine learning', 'gcp', 'hadoop', 'azure']",2739979,0,950
data scientist,midlevel,hybrid,company_202,"Bengaluru, Karnataka, India . Hybrid",2 days ago,"Palo Alto, CA, US",Technology,Public,"195,020",€18.30B,"€34,805","['numpy', 'spark', 'aws', 'python', 'neural network', 'database', 'machine learning', 'tensorflow']",34805,18.3,195020
data scientist,senior,remote,company_969,"San Jose, California, United States . Fully Remote",8 days ago,"Purchase, NY, US",Healthcare,Public,"4,570",Public,"€155,272 - €182,672",[],1.55E+11,0,4570
data scientist,junior,uknown,company_343,"London, England, United Kingdom",2 days ago,"Edinburgh, GB",Finance,Public,"60,020",€24.63B,"€59,680","['aws', 'machine learning', 'linux', 'python']",59680,24.63,60020
data scientist,senior,remote,company_337,"Reston, VA",7 days ago,"Fairfax, VA, US",Finance,Public,"7,290",Public,"€108,442 - €184,349","['r', 'python', 'sql', 'machine learning', 'database', 'azure']",1.08E+11,0,7290
data scientist,senior,uknown,company_212,"Cincinnati, OH",22 days ago,"Boston, MA, US",Technology,Public,"222,490",Public,"€135,178","['aws', 'python', 'machine learning', 'azure', 'deep learning']",135178,0,222490
data scientist,senior,uknown,company_318,United States,2 months ago,"Dallas, TX, US",Technology,Public,"55,030",€14.56B,"€100,472","['sql', 'machine learning', 'r', 'python']",100472,14.56,55030
data scientist,midlevel,remote,company_421,Brazil . Fully Remote,14 days ago,"Cheyenne, WY, US",Technology,uknown,Private,0,"€25,211","['sql', 'machine learning', 'python']",25211,0,
data scientist,midlevel,uknown,company_971,"Singapore, Singapore",7 days ago,"Singapore, SG",Technology,Private,"3,682",Private,"€83,973",['machine learning'],83973,0,3682
machine learning engineer,Uknown,on-site,company_403,"Boston, MA . On-site",6 days ago,"Boston, MA, US",Retail,Public,"17,030",Public,"€160,750 - €170,797",[],1.61E+11,0,17030
data scientist,senior,remote,company_067,"San Francisco, CA, US . Remote, US . Fully Remote",21 days ago,"San Francisco, CA, US",Technology,Public,"5,260",€14.30B,"€306,626",[],306626,14.3,5260
data scientist,senior,remote,company_974,"Toronto, Ontario, Canada",4 days ago,"Toronto, ON, CA",Technology,Public,"2,280",Public,"€45,064 - €105,142","['sql', 'machine learning', 'python']",45064105142,0,2280
data scientist,senior,hybrid,company_975,"San Francisco, California, United States . Hybrid",12 days ago,"Miramar, FL, US",Technology,Private,15,Private,"€173,539 - €210,072",[],1.74E+11,0,15
data scientist,senior,uknown,company_895,"Colorado Springs, CO",2 months ago,"Centreville, VA, US",Technology,Public,"16,060",Public,"€79,192 - €138,558","['pandas', 'numpy', 'pytorch', 'spark', 'aws', 'amazon', 'r', 'python', 'scikit-learn', 'scipy', 'linux', 'java', 'machine learning', 'keras', 'deep learning', 'matplotlib', 'tensorflow']",79192138558,0,16060
data scientist,senior,on-site,company_979,"Bengaluru, Karnataka, India",2 months ago,"Pune, MH, IN",Technology,Public,"125,010",Public,"€23,903","['spark', 'aws', 'r', 'python', 'sql', 'machine learning', 'database', 'hadoop', 'azure']",23903,0,125010
machine learning engineer,Uknown,on-site,company_156,"Mountain View, California (HQ) . On-site",16 days ago,"Mountain View, CA, US",Technology,Private,900,€8.10B,"€126,250 - €189,589",[],1.26E+11,8.1,900
data scientist,senior,hybrid,company_003,"Bentonville, AR . Hybrid",18 days ago,"Bentonville, AR, US",Retail,Public,€352.44B,Public,"€82,200 - €164,400","['spark', 'r', 'python', 'scala', 'machine learning', 'tensorflow']",82200164400,0,35244
data scientist,lead,uknown,company_980,"Bengaluru, Karnataka, India",a month ago,"Minneapolis, MN, US",Retail,Public,"409,060",€66.94B,"€31,966 - €58,197","['spark', 'r', 'python', 'scala', 'java', 'sql', 'hadoop', 'machine learning']",3196658197,66.94,409060
data scientist,midlevel,hybrid,company_983,"Annapolis Junction, MD . Fort Meade, MD . Hybrid",17 days ago,"McLean, VA, US",Technology,Public,"27,060",Public,"€70,878 - €160,749","['linux', 'machine learning', 'r', 'python']",70878160749,0,27060
data scientist,senior,hybrid,company_357,"Hyderabad, Telangana, India . Chennai, Tamil Nadu, India . Hybrid",14 days ago,"Basking Ridge, NJ, US",Technology,Public,"132,070",€142.28B,"€22,839","['aws', 'r', 'python', 'sql', 'gcp', 'machine learning', 'tableau']",22839,142.28,132070
data scientist,junior,uknown,company_014,"Berkeley, CA",2 months ago,"Berkeley, CA, US",Education,uknown,"17,441",Education,"€99,741 - €189,795",['machine learning'],99741189795,0,17441
data scientist,midlevel,remote,company_421,"Santo Domingo, Dominican Republic . Fully Remote",14 days ago,"Cheyenne, WY, US",Technology,uknown,Private,0,"€25,216","['sql', 'machine learning', 'python']",25216,0,
data scientist,junior,uknown,company_985,"Madrid, Community of Madrid, Spain",5 days ago,"Chicago, IL, US",Finance,Private,"312,040",Private,"€28,045","['python', 'docker', 'kubernetes', 'machine learning', 'azure', 'deep learning']",28045,0,312040
data scientist,senior,remote,company_647,"India, Hyderabad . Fully Remote",20 days ago,"London, GB",Technology,Private,900,Private,"€39,023",[],39023,0,900
data scientist,senior,on-site,company_316,"Gurgaon, Haryana, India",8 days ago,"Eden Prairie, MN, US",Healthcare,Public,"37,950",Public,"€29,801 - €32,905","['python', 'machine learning', 'gcp', 'azure', 'deep learning', 'tensorflow']",2980132905,0,37950
data scientist,lead,on-site,company_844,"San Diego, CA",3 days ago,"Mountain View, CA, US",Technology,Public,"17,070",€94.69B,"€145,221","['r', 'python', 'sql', 'machine learning', 'tableau']",145221,94.69,17070
data scientist,lead,remote,company_338,"Cambridge, MA",7 days ago,"Paris, FR",Healthcare,Public,"75,470",€99.86B,"€149,787","['pytorch', 'r', 'python', 'machine learning', 'tensorflow']",149787,99.86,75470
data scientist,senior,on-site,company_816,"San Francisco, CA",2 months ago,"San Francisco, CA, US",Retail,Public,"117,010",Public,"€159,293 - €211,170","['spark', 'sql', 'azure', 'python']",1.59E+11,0,117010
data scientist,senior,on-site,company_096,"New York, New York, United States . On-site",23 days ago,"San Francisco, CA, US",Finance,Private,950,€11.68B,"€175,364 - €219,204",[],1.75E+11,11.68,950
data scientist,senior,on-site,company_917,"Mountain View, CA . San Bruno, CA",4 days ago,"Mountain View, CA, US",Technology,Public,"258,760",€1.14T,"€151,616 - €222,855","['sql', 'r', 'python']",1.52E+11,1.14,258760
data scientist,senior,on-site,company_003,"Bellevue, WA",16 days ago,"Bentonville, AR, US",Retail,Public,€352.44B,Public,"€142,483 - €284,961","['pytorch', 'spark', 'r', 'python', 'scala', 'machine learning', 'azure', 'tensorflow']",1.42E+11,0,35244
data scientist,senior,on-site,company_849,"Whitehouse Station, NJ . Philadelphia, PA . Jersey City, NJ . Philadelphia, Pennsylvania, Amerika Serikat . Whitehouse Station, New Jersey, Amerika Serikat",3 months ago,"Readington Township, NJ, US",Finance,Public,"29,400",Public,"€96,818 - €165,318","['database', 'sql', 'machine learning', 'python']",96818165318,0,29400
data scientist,midlevel,uknown,company_055,"Cary, NC",19 days ago,"Zürich, ZH, CH",Technology,Public,"97,300",€55.34B,"€37,995 - €64,591",[],3799564591,55.34,97300
machine learning engineer,Uknown,hybrid,company_403,"Boston, MA . Hybrid",22 days ago,"Boston, MA, US",Retail,Public,"17,020",Public,"€160,748 - €170,795",[],1.61E+11,0,17020
data scientist,lead,uknown,company_366,"Hyderabad, Telangana, India",7 days ago,"Columbia, MD, US",Technology,Private,180,Private,"€19,780","['aws', 'r', 'python', 'sql', 'machine learning', 'azure', 'tableau']",19780,0,180
machine learning engineer,senior,uknown,company_941,"Bengaluru, Karnataka, India",14 days ago,"Dublin, IE",Technology,Public,"492,235",€153.05B,"€10,524 - €26,185","['sql', 'python']",1052426185,153.05,492235
data scientist,Uknown,hybrid,company_081,"Toronto, Canada . Hybrid",7 days ago,"San Francisco, CA, US",Technology,Public,"5,010",€4.67B,"€98,640 - €123,300",[],98640123300,4.67,5010
data scientist,senior,uknown,company_844,"Plano, TX",8 days ago,"Mountain View, CA, US",Technology,Public,"17,020",€94.39B,"€168,969","['spark', 'r', 'python', 'sql', 'tableau']",168969,94.39,17020
data scientist,senior,on-site,company_917,"Mountain View, CA",5 days ago,"Mountain View, CA, US",Technology,Public,"258,800",€1.29T,"€128,780 - €184,493","['sql', 'r', 'python']",1.29E+11,1.29,258800
data scientist,lead,hybrid,company_667,"Mountain View, CA, US . San Francisco, CA, US . Hybrid",9 days ago,"Mountain View, CA, US",Technology,Private,"2,760",Private,"€251,171",[],251171,0,2760
data scientist,senior,remote,company_421,"Lima, Peru",5 days ago,"Cheyenne, WY, US",Technology,uknown,Private,0,"€7,679","['pandas', 'numpy', 'python', 'sklearn', 'machine learning', 'matplotlib']",7679,0,
data scientist,senior,remote,company_848,"East Hanover, NJ",14 days ago,"Basel, BS, CH",Healthcare,Public,"107,690",€160.95B,"€104,122 - €192,715","['gcp', 'database']",1.04E+11,160.95,107690
data scientist,senior,uknown,company_844,"Mountain View, CA",a month ago,"Mountain View, CA, US",Technology,Public,"17,020",€94.64B,"€173,539","['sql', 'machine learning', 'r', 'python']",173539,94.64,17020
data scientist,lead,on-site,company_235,"Colorado Springs, CO",8 days ago,"San Antonio, TX, US",Finance,Private,"33,020",Private,"€150,503 - €287,666","['r', 'python', 'sql', 'database', 'machine learning']",1.51E+11,0,33020
data scientist,senior,uknown,company_270,"Albany, NY",2 months ago,"Woonsocket, RI, US",Healthcare,Public,"300,060",€121.22B,"€131,709 - €263,411","['aws', 'python', 'sql', 'machine learning', 'gcp', 'azure']",1.32E+11,121.22,300060
data scientist,senior,uknown,company_233,"McLean, VA",2 months ago,"Reston, VA, US",Technology,Public,"27,450",Public,"€115,177 - €208,199","['pandas', 'numpy', 'r', 'python', 'sql', 'tableau']",1.15E+11,0,27450
data scientist,lead,uknown,company_872,"Boise, ID",a month ago,"Atlanta, GA, US",Finance,Public,"11,060",€18.58B,"€100,474","['pandas', 'numpy', 'pytorch', 'spark', 'r', 'python', 'scikit-learn', 'machine learning', 'deep learning', 'tensorflow']",100474,18.58,11060
data scientist,senior,hybrid,company_115,"Bengaluru, Karnataka, India . Hybrid",7 days ago,"Frankfurt am Main, HE, DE",Finance,Public,"68,420",Public,"€24,200","['pytorch', 'aws', 'python', 'sql', 'gcp', 'azure', 'tensorflow']",24200,0,68420
data scientist,senior,hybrid,company_316,"Dublin, County Dublin, Ireland . Hybrid",14 days ago,"Eden Prairie, MN, US",Healthcare,Public,"37,950",Public,"€67,973 - €93,598","['git', 'r', 'python', 'hadoop', 'deep learning', 'keras', 'azure', 'tensorflow']",6797393598,0,37950
data scientist,senior,on-site,company_917,"Mountain View, CA",a month ago,"Mountain View, CA, US",Technology,Public,"258,810",€1.44T,"€207,333 - €292,272","['sql', 'r', 'python']",2.07E+11,1.44,258810
data scientist,senior,remote,company_967,"Gurugram, Haryana, India . Madurai, Tamil Nadu, India . Jaipur, Rajasthan, India . Chandigarh, India . Mumbai, Maharashtra, India + 34 More",7 days ago,"San Diego, CA, US",Technology,Private,950,Private,"€24,358","['scikit-learn', 'python', 'airflow', 'sql', 'machine learning']",24358,0,950
data scientist,senior,uknown,company_678,"Fort Meade, MD",8 days ago,"Herndon, VA, US",Technology,Private,"5,010",Private,"€133,347 - €213,720",['tableau'],1.33E+11,0,5010
data scientist,senior,uknown,company_366,"Hyderabad, Telangana, India",a month ago,"Columbia, MD, US",Technology,Private,180,Private,"€19,777","['pytorch', 'aws', 'python', 'docker', 'gcp', 'kubernetes', 'azure', 'tensorflow']",19777,0,180
machine learning engineer,senior,on-site,company_156,"Mountain View, California (HQ) . On-site",7 days ago,"Mountain View, CA, US",Technology,Private,900,€8.20B,"€203,472 - €304,988",[],2.03E+11,8.2,900
data scientist,senior,hybrid,company_308,"Redmond, WA . Hybrid",2 days ago,"Redmond, WA, US",Technology,Public,"182,328",€1.98T,"€136,788","['sql', 'azure', 'machine learning', 'python']",136788,1.98,182328
data scientist,senior,hybrid,company_980,"Brooklyn Park, MN . Hybrid",7 days ago,"Minneapolis, MN, US",Retail,Public,"409,050",€67.04B,"€86,770 - €156,183","['spark', 'r', 'python', 'scala', 'java', 'sql', 'hadoop', 'machine learning']",86770156183,67.04,409050
data scientist,senior,hybrid,company_291,"Alpharetta, GA . Hybrid",7 days ago,"Bengaluru, KA, IN",Technology,Public,"261,040",€71.18B,"€85,855 - €150,244","['pytorch', 'spark', 'aws', 'r', 'python', 'scala', 'java', 'sql', 'machine learning', 'gcp', 'deep learning', 'azure', 'tensorflow', 'tableau']",85855150244,71.18,261040
data scientist,senior,uknown,company_171,"Bengaluru, Karnataka, India",7 days ago,"Armonk, NY, US",Technology,Public,"524,568",€119.18B,"€33,043 - €52,693","['pandas', 'pytorch', 'r', 'python', 'java', 'database', 'keras', 'machine learning', 'matplotlib', 'tensorflow']",3304352693,119.18,524568
machine learning engineer,senior,uknown,company_678,"College Park, MD",21 days ago,"Herndon, VA, US",Technology,Private,"5,060",Private,"€73,068 - €116,908","['pytorch', 'python', 'java', 'keras', 'machine learning', 'tensorflow']",73068116908,0,5060
data scientist,senior,on-site,company_395,"New York, NY",18 days ago,"McLean, VA, US",Retail,Public,"55,100",€36.38B,"€158,013 - €180,298","['pytorch', 'aws', 'database', 'machine learning', 'tensorflow']",1.58E+11,36.38,55100
data scientist,senior,hybrid,company_667,"Mountain View, California, USA . Hybrid",9 days ago,"Mountain View, CA, US",Technology,Private,"2,810",Private,"€236,556",[],236556,0,2810
data scientist,senior,uknown,company_183,"Tallinn, Harjumaa, Estonia",7 days ago,"Tallinn, EE",Technology,Private,"3,760",Private,"€61,775","['pandas', 'numpy', 'spark', 'aws', 'scikit-learn', 'python', 'airflow', 'machine learning']",61775,0,3760
data scientist,senior,uknown,company_980,"Bengaluru, Karnataka, India",a month ago,"Minneapolis, MN, US",Retail,Public,"409,040",€67.09B,"€31,971 - €58,202","['pytorch', 'python', 'docker', 'sql', 'machine learning', 'kubernetes', 'hadoop', 'deep learning', 'tensorflow']",3197158202,67.09,409040
data scientist,senior,on-site,company_288,"Washington, DC . On-site",7 days ago,"Reston, VA, US",Technology,Public,"26,010",€62.74B,"€109,604 - €146,136",['machine learning'],1.10E+11,62.74,26010
data scientist,senior,hybrid,company_983,"Fort Belvoir, VA . Reston, VA . Hybrid",20 days ago,"McLean, VA, US",Technology,Public,"27,010",Public,"€90,421 - €205,500","['spark', 'r', 'python', 'sql', 'hadoop', 'machine learning']",90421205500,0,27010
data scientist,senior,hybrid,company_067,"San Francisco, CA, US . Seattle, WA, US . Palo Alto, CA, US . Hybrid",19 hours ago,"San Francisco, CA, US",Technology,Public,"5,300",€14.25B,"€306,623",[],306623,14.25,5300
data scientist,lead,on-site,company_395,"New York, NY",16 days ago,"McLean, VA, US",Retail,Public,"55,110",€36.03B,"€262,862 - €300,034","['aws', 'r', 'python', 'scala', 'machine learning', 'database', 'deep learning']",2.63E+11,36.03,55110
data scientist,senior,on-site,company_395,"San Jose, CA",6 days ago,"McLean, VA, US",Retail,Public,"55,130",€36.03B,"€132,526 - €151,250","['pytorch', 'aws', 'r', 'python', 'scala', 'sql', 'database', 'machine learning']",1.33E+11,36.03,55130
data scientist,senior,hybrid,company_291,"Alpharetta, GA . Hybrid",7 days ago,"Bengaluru, KA, IN",Technology,Public,"261,010",€71.03B,"€85,862 - €150,251","['pytorch', 'spark', 'aws', 'r', 'python', 'scala', 'java', 'sql', 'machine learning', 'gcp', 'deep learning', 'azure', 'tensorflow', 'tableau']",85862150251,71.03,261010
data scientist,senior,on-site,company_003,"Sunnyvale, CA",21 days ago,"Bentonville, AR, US",Retail,Public,€352.44B,Public,"€106,860 - €213,719","['pytorch', 'spark', 'r', 'python', 'scala', 'machine learning', 'tensorflow']",1.07E+11,0,35244
data scientist,senior,uknown,company_291,"Bengaluru East, Karnataka, India",6 days ago,"Bengaluru, KA, IN",Technology,Public,"261,040",€71.13B,"€9,582","['aws', 'r', 'python', 'sql', 'neural network', 'gcp', 'azure']",9582,71.13,261040
data scientist,senior,hybrid,company_922,"Hartford, CT . Chicago, IL . Charlotte, NC . Columbus, OH . Hybrid",7 days ago,"Hartford, CT, US",Finance,Public,"18,190",€21.60B,"€100,028 - €150,042",['machine learning'],1.00E+11,21.6,18190
data scientist,Uknown,hybrid,company_081,"Toronto, Canada . Hybrid",7 days ago,"San Francisco, CA, US",Technology,Public,"5,040",€4.72B,"€98,648 - €123,308",[],98648123308,4.72,5040
data scientist,senior,on-site,company_185,"Linthicum Heights, MD . On-site",14 days ago,"Falls Church, VA, US",Technology,Public,"97,050",€75.00B,"€164,039 - €246,056",['r'],1.64E+11,75,97050
data scientist,lead,on-site,company_230,"North Chicago, IL",a month ago,"North Chicago, IL, US",Healthcare,Public,"49,360",€245.34B,"€137,007",[],137007,245.34,49360
data scientist,midlevel,remote,company_421,"San Juan, Puerto Rico . Fully Remote",14 days ago,"Cheyenne, WY, US",Technology,uknown,Private,0,"€25,214","['sql', 'machine learning', 'python']",25214,0,
data scientist,senior,on-site,company_490,"Overland Park, KS . Bellevue, WA . Frisco, TX",3 months ago,"Bellevue, WA, US",Technology,Public,"83,560",Public,"€116,363 - €209,887","['aws', 'r', 'python', 'sql', 'machine learning', 'deep learning', 'azure']",1.16E+11,0,83560
data scientist,senior,uknown,company_844,"San Francisco, CA",21 days ago,"Mountain View, CA, US",Technology,Public,"17,070",€94.49B,"€168,968","['r', 'python', 'sql', 'machine learning', 'tableau']",168968,94.49,17070
data scientist,senior,uknown,company_171,"Hyderabad, Telangana, India",14 days ago,"Armonk, NY, US",Technology,Public,"524,608",€119.33B,"€27,279 - €52,700","['database', 'machine learning', 'java']",2727952700,119.33,524608
data scientist,senior,hybrid,company_183,"Tallinn, Harjumaa, Estonia . Hybrid",a month ago,"Tallinn, EE",Technology,Private,"3,760",Private,"€61,778","['pandas', 'numpy', 'pytorch', 'spark', 'aws', 'scikit-learn', 'python', 'docker', 'airflow', 'machine learning', 'deep learning']",61778,0,3760
data scientist,senior,uknown,company_844,"Mountain View, CA",7 days ago,"Mountain View, CA, US",Technology,Public,"17,050",€94.54B,"€168,967","['sql', 'machine learning', 'tableau', 'python']",168967,94.54,17050
machine learning engineer,senior,on-site,company_135,"Taipei, Taiwan . On-site",a month ago,TW,Technology,Private,530,Private,"€36,345",[],36345,0,530
data scientist,senior,uknown,company_889,"Brooklyn, NY",14 days ago,"NY, US",Energy,Public,"6,190",Public,"€127,871 - €166,230","['sql', 'python']",1.28E+11,0,6190
data scientist,midlevel,uknown,company_244,"Mumbai, Maharashtra, India",7 days ago,"New York, NY, US",Finance,Public,"290,800",€350.32B,"€33,751","['spark', 'sql', 'machine learning', 'python']",33751,350.32,290800
data scientist,midlevel,uknown,company_174,"Amsterdam, North Holland, Netherlands",a month ago,"Amsterdam, NH, NL",Technology,Private,900,Private,"€49,109","['machine learning', 'python']",49109,0,900
data scientist,senior,remote,company_083,Mumbai Metropolitan Region . Fully Remote,2 months ago,"Paris, IDF, FR",Technology,Private,"263,610",€25.31B,"€4,055 - €10,055","['pandas', 'numpy', 'pytorch', 'scipy', 'opencv', 'hadoop', 'machine learning', 'keras', 'deep learning', 'tensorflow']",405510055,25.31,263610
data scientist,lead,on-site,company_244,"Plano, TX . On-site",5 days ago,"New York, NY, US",Finance,Public,"290,750",€350.32B,"€137,008","['amazon', 'spark', 'aws', 'r', 'python', 'scala', 'sql', 'machine learning', 'gcp', 'hadoop', 'azure']",137008,350.32,290750
data scientist,junior,on-site,company_849,"Jersey City, NJ . Whitehouse Station, NJ . Simsbury, CT . Philadelphia, PA",a month ago,"Readington Township, NJ, US",Finance,Public,"29,410",Public,"€79,463 - €135,176","['pandas', 'numpy', 'pytorch', 'spark', 'scikit-learn', 'python', 'linux', 'airflow', 'sql', 'machine learning', 'database', 'azure', 'tensorflow']",79463135176,0,29410
data scientist,senior,on-site,company_844,"Mountain View, CA",4 days ago,"Mountain View, CA, US",Technology,Public,"17,020",€94.59B,"€163,490 - €170,340","['sql', 'machine learning', 'r', 'python']",1.63E+11,94.59,17020
data scientist,lead,on-site,company_273,"San Francisco, CA",14 days ago,"Menlo Park, CA, US",Technology,Public,"94,560",€230.37B,"€231,078 - €286,791",['machine learning'],2.31E+11,230.37,94560
data scientist,senior,hybrid,company_146,"San Francisco, CA . Hybrid",12 days ago,"San Francisco, CA, US",Finance,Private,780,€11.75B,"€204,593 - €281,312",[],2.05E+11,11.75,780
data scientist,senior,uknown,company_223,"Raleigh, NC",6 days ago,"New York, NY, US",Technology,Public,"10,040",Public,"€99,557","['spark', 'aws', 'r', 'python', 'machine learning', 'hadoop', 'deep learning']",99557,0,10040
data scientist,senior,uknown,company_309,"Bengaluru, Karnataka, India",21 days ago,"New York, NY, US",Technology,Private,"3,550",Private,"€19,234","['pytorch', 'aws', 'git', 'python', 'docker', 'sql', 'machine learning', 'gcp', 'deep learning', 'keras', 'azure', 'tensorflow', 'tableau']",19234,0,3550
data scientist,lead,on-site,company_395,"McLean, VA",18 days ago,"McLean, VA, US",Retail,Public,"55,100",€36.18B,"€262,864 - €300,036","['aws', 'r', 'python', 'scala', 'machine learning', 'database', 'deep learning']",2.63E+11,36.18,55100
data scientist,senior,on-site,company_878,"San Jose, CA . Austin, TX",7 days ago,"San Jose, CA, US",Technology,Public,"21,260",€144.77B,"€117,457 - €213,904","['sql', 'python']",1.17E+11,144.77,21260
data scientist,senior,hybrid,company_146,"San Francisco, CA . Hybrid",12 days ago,"San Francisco, CA, US",Finance,Private,780,€11.90B,"€204,590 - €281,309",[],2.05E+11,11.9,780
data scientist,lead,on-site,company_395,"McLean, VA",21 days ago,"McLean, VA, US",Retail,Public,"55,100",€36.23B,"€262,861 - €300,033","['aws', 'r', 'python', 'scala', 'machine learning', 'database', 'deep learning']",2.63E+11,36.23,55100
machine learning engineer,senior,on-site,company_336,"South San Francisco, CA . New York, NY",4 days ago,"South San Francisco, CA, US",Technology,Private,"14,060",Private,"€177,193","['pytorch', 'r', 'python', 'scala', 'java', 'machine learning', 'deep learning', 'tensorflow']",177193,0,14060
data scientist,senior,hybrid,company_081,"San Francisco, CA . Hybrid",7 days ago,"San Francisco, CA, US",Technology,Public,"5,020",€4.72B,"€135,174 - €168,967",[],1.35E+11,4.72,5020
data scientist,senior,remote,company_421,"Bogota, D.C., Capital District, Colombia",5 days ago,"Cheyenne, WY, US",Technology,uknown,Private,0,"€7,680","['pandas', 'numpy', 'python', 'sklearn', 'machine learning', 'matplotlib']",7680,0,
data scientist,midlevel,remote,company_318,"San Francisco, CA . Atlanta, GA . Portland, OR . Seattle, WA . Pittsburgh, PA + 2 More",11 days ago,"Dallas, TX, US",Technology,Public,"55,040",€14.61B,"€118,739",['machine learning'],118739,14.61,55040
data scientist,midlevel,on-site,company_273,"San Francisco, CA",a month ago,"Menlo Park, CA, US",Technology,Public,"94,540",€230.42B,"€132,439 - €186,325","['sql', 'machine learning', 'r', 'python']",1.32E+11,230.42,94540
data scientist,senior,on-site,company_003,"Sunnyvale, CA",12 days ago,"Bentonville, AR, US",Retail,Public,€352.44B,Public,"€118,736 - €237,469","['pytorch', 'spark', 'r', 'python', 'scala', 'java', 'sql', 'machine learning', 'deep learning', 'keras', 'azure', 'tensorflow']",1.19E+11,0,35244
data scientist,senior,hybrid,company_316,"Dublin, County Dublin, Ireland . Hybrid",3 days ago,"Eden Prairie, MN, US",Healthcare,Public,"37,990",Public,"€52,987","['aws', 'r', 'python', 'airflow', 'sql', 'machine learning', 'azure', 'tableau']",52987,0,37990
data scientist,senior,remote,company_572,Fully Remote,6 days ago,"San Francisco, CA, US",Technology,Private,45,Private,"€146,136 - €159,836",[],1.46E+11,0,45
data scientist,senior,uknown,company_371,"South San Francisco, CA",a month ago,"South San Francisco, CA, US",Healthcare,Private,250,Private,"€109,602 - €168,968","['r', 'python']",1.10E+11,0,250
data scientist,senior,uknown,company_207,"Singapore, Singapore",3 days ago,"Boise, ID, US",Technology,Public,"40,040",€55.29B,"€85,616","['git', 'python', 'java', 'sql', 'machine learning']",85616,55.29,40040
data scientist,senior,on-site,company_003,"Bentonville, AR",14 days ago,"Bentonville, AR, US",Retail,Public,€352.44B,Public,"€100,468 - €200,934","['spark', 'r', 'python', 'scala', 'sql', 'machine learning', 'tensorflow']",1.00E+11,0,35244
data scientist,midlevel,hybrid,company_983,"Arlington, VA . Hybrid",6 days ago,"McLean, VA, US",Technology,Public,"27,030",Public,"€70,880 - €160,751","['spark', 'r', 'python', 'sql', 'hadoop', 'machine learning']",70880160751,0,27030
data scientist,midlevel,uknown,company_941,"Kochi, Kerala, India",14 days ago,"Dublin, IE",Technology,Public,"492,195",€153.25B,"€12,728 - €26,188","['aws', 'r', 'python', 'scala', 'java', 'sql', 'machine learning', 'hadoop', 'azure', 'tableau']",1272826188,153.25,492195
data scientist,senior,hybrid,company_270,"New York, NY . Hybrid",2 months ago,"Woonsocket, RI, US",Healthcare,Public,"300,010",€121.47B,"€101,605 - €203,204","['pytorch', 'aws', 'python', 'sql', 'machine learning', 'gcp', 'deep learning', 'azure']",1.02E+11,121.47,300010
data scientist,senior,uknown,company_291,"Bengaluru East, Karnataka, India",5 days ago,"Bengaluru, KA, IN",Technology,Public,"261,060",€71.03B,"€9,587",['machine learning'],9587,71.03,261060
data scientist,midlevel,hybrid,company_983,"Washington, DC . Hybrid",14 days ago,"McLean, VA, US",Technology,Public,"27,070",Public,"€70,883 - €160,754","['machine learning', 'tableau', 'python']",70883160754,0,27070
data scientist,senior,hybrid,company_083,"Sevilla La Nueva, Community of Madrid, Spain . Hybrid",14 days ago,"Paris, IDF, FR",Technology,Private,"263,590",€25.36B,"€32,155","['pytorch', 'aws', 'r', 'python', 'docker', 'opencv', 'machine learning', 'gcp', 'kubernetes', 'deep learning', 'azure', 'tensorflow']",32155,25.36,263590
data scientist,senior,hybrid,company_983,"Chantilly, VA . Hybrid",7 days ago,"McLean, VA, US",Technology,Public,"27,050",Public,"€90,426 - €205,505","['r', 'python', 'java', 'sql', 'database', 'tableau']",90426205505,0,27050
data scientist,midlevel,on-site,company_310,"Riverside, CA . On-site",a month ago,"Arlington, VA, US",Technology,Public,"20,010",Public,"€82,476","['pytorch', 'aws', 'scikit-learn', 'python', 'machine learning', 'azure', 'tensorflow']",82476,0,20010
data scientist,lead,on-site,company_235,"Colorado Springs, CO",14 days ago,"San Antonio, TX, US",Finance,Private,"33,010",Private,"€137,005","['spark', 'r', 'python', 'sql', 'machine learning', 'hadoop', 'deep learning']",137005,0,33010
data scientist,midlevel,on-site,company_273,"Los Angeles, CA",18 days ago,"Menlo Park, CA, US",Technology,Public,"94,590",€230.32B,"€158,014 - €221,034","['sql', 'machine learning', 'r', 'python']",1.58E+11,230.32,94590
data scientist,senior,uknown,company_678,"Fort Meade, MD",7 days ago,"Herndon, VA, US",Technology,Private,"5,060",Private,"€102,293 - €163,486",['tableau'],1.02E+11,0,5060
data scientist,senior,on-site,company_980,"Bengaluru, Karnataka, India",2 months ago,"Minneapolis, MN, US",Retail,Public,"409,050",€67.04B,"€31,210 - €58,197","['spark', 'machine learning', 'git', 'python']",3121058197,67.04,409050
data scientist,lead,on-site,company_316,"Mumbai, Maharashtra, India",14 days ago,"Eden Prairie, MN, US",Healthcare,Public,"37,950",Public,"€29,799 - €32,903","['git', 'r', 'python', 'airflow', 'sql', 'machine learning']",2979932903,0,37950
data scientist,midlevel,on-site,company_273,"Sunnyvale, CA",a month ago,"Menlo Park, CA, US",Technology,Public,"94,590",€230.37B,"€132,433 - €186,319","['sql', 'machine learning', 'r', 'python']",1.32E+11,230.37,94590
data scientist,senior,uknown,company_844,"San Francisco, CA",25 days ago,"Mountain View, CA, US",Technology,Public,"17,020",€94.39B,"€173,540","['sql', 'machine learning', 'r', 'python']",173540,94.39,17020
data scientist,lead,on-site,company_003,"Sunnyvale, CA",14 days ago,"Bentonville, AR, US",Retail,Public,€352.44B,Public,"€182,672","['spark', 'r', 'python', 'scala', 'machine learning', 'tensorflow']",182672,0,35244
machine learning engineer,senior,hybrid,company_315,"Noida, Uttar Pradesh, India . Ahmedabad, Gujarat, India . Trivandrum, Kerala, India . Bengaluru, Karnataka, India . Hyderabad, Telangana, India + 2 More . Hybrid",a month ago,"Austin, TX, US",Technology,Public,"212,630",€188.21B,"€41,974","['pytorch', 'spark', 'aws', 'scikit-learn', 'python', 'docker', 'deep learning', 'sql', 'machine learning', 'gcp', 'kubernetes', 'hadoop', 'azure', 'tensorflow']",41974,188.21,212630
data scientist,senior,on-site,company_355,"San Francisco, CA . Seattle, WA . Atlanta, GA",5 days ago,"San Francisco, CA, US",Technology,Public,"65,820",€130.59B,"€183,405 - €252,178","['spark', 'r', 'python', 'airflow', 'hadoop']",1.83E+11,130.59,65820
data scientist,senior,hybrid,company_008,"Bengaluru, Karnataka, India . Hybrid",14 days ago,"San Jose, CA, US",Technology,Public,"34,660",€81.86B,"€32,875 - €47,285","['sql', 'machine learning', 'python']",3287547285,81.86,34660
data scientist,Uknown,on-site,company_445,On-site,14 days ago,"Ventura, CA, US",Technology,Public,"2,270",Public,"€155,610 - €207,329",[],1.56E+11,0,2270
data scientist,senior,uknown,company_931,"London, England, United Kingdom",14 days ago,"Seattle, WA, US",Technology,Public,"26,090",Public,"€78,110","['r', 'python', 'sql', 'hadoop', 'machine learning', 'tableau']",78110,0,26090
data scientist,senior,on-site,company_288,"Chantilly, VA . On-site",8 days ago,"Reston, VA, US",Technology,Public,"26,020",€62.74B,"€114,169","['amazon', 'aws', 'python']",114169,62.74,26020
data scientist,midlevel,hybrid,company_257,"Washington, DC . Hybrid",14 days ago,"Foster City, CA, US",Finance,Public,"21,030",€383.10B,"€106,410 - €164,863","['spark', 'hadoop', 'sql', 'python']",1.06E+11,383.1,21030
data scientist,senior,on-site,company_134,"Bellevue, WA",6 days ago,"Seattle, WA, US",Retail,Public,"865,416",€833.06B,"€117,828 - €219,207","['amazon', 'r', 'python', 'sql', 'machine learning']",1.18E+11,833.06,865416
data scientist,senior,uknown,company_911,"Jacksonville, FL",6 days ago,"New York, NY, US",Technology,Public,"5,010",Public,"€38,945","['pytorch', 'spark', 'python', 'sql', 'machine learning']",38945,0,5010
data scientist,senior,on-site,company_291,"Bengaluru East, Karnataka, India",14 days ago,"Bengaluru, KA, IN",Technology,Public,"261,060",€70.98B,"€9,586","['sql', 'machine learning', 'r', 'python']",9586,70.98,261060
data scientist,senior,uknown,company_042,Spain,7 days ago,"Boston, MA, US",Technology,Public,990,Public,"€54,805","['pandas', 'python', 'docker', 'airflow', 'sql', 'gcp', 'machine learning']",54805,0,990
data scientist,lead,uknown,company_270,"Albany, NY",a month ago,"Woonsocket, RI, US",Healthcare,Public,"300,010",€121.42B,"€131,704 - €263,406","['sql', 'machine learning', 'python']",1.32E+11,121.42,300010
data scientist,senior,on-site,company_149,"Mason, OH",7 days ago,"Cincinnati, OH, US",Manufacturing,Public,"101,040",€305.27B,"€77,642 - €105,041","['aws', 'machine learning', 'r', 'azure']",77642105041,305.27,101040
data scientist,junior,uknown,company_047,"Bengaluru, Karnataka, India",a month ago,"Bengaluru, KA, IN",Technology,Public,"222,050",€24.21B,"€10,049","['deep learning', 'machine learning']",10049,24.21,222050
data scientist,senior,on-site,company_490,"Overland Park, KS . Bellevue, WA",3 months ago,"Bellevue, WA, US",Technology,Public,"83,550",Public,"€116,364 - €209,888","['spark', 'r', 'python', 'sql', 'machine learning', 'database', 'hadoop', 'deep learning']",1.16E+11,0,83550
data scientist,senior,on-site,company_310,"Homestead, FL",a month ago,"Arlington, VA, US",Technology,Public,"20,010",Public,"€63,118 - €129,242","['sql', 'machine learning', 'r', 'python']",63118129242,0,20010
data scientist,senior,remote,company_223,"Raleigh, NC",a month ago,"New York, NY, US",Technology,Public,"10,070",Public,"€99,560","['pandas', 'numpy', 'pytorch', 'spark', 'scikit-learn', 'python', 'scala', 'java', 'sql', 'machine learning', 'keras', 'deep learning', 'tensorflow']",99560,0,10070
data scientist,midlevel,uknown,company_233,"McLean, VA",a month ago,"Reston, VA, US",Technology,Public,"27,390",Public,"€95,585 - €172,784","['aws', 'git', 'python', 'sql', 'database', 'machine learning', 'matplotlib', 'tensorflow', 'tableau']",95585172784,0,27390
data scientist,senior,remote,company_223,"Raleigh, NC . Fully Remote",a month ago,"New York, NY, US",Technology,Public,"10,020",Public,"€99,554","['spark', 'python', 'machine learning', 'hadoop', 'deep learning']",99554,0,10020
data scientist,senior,remote,company_421,Mexico City Metropolitan Area,5 days ago,"Cheyenne, WY, US",Technology,uknown,Private,0,"€7,678","['pandas', 'numpy', 'python', 'sklearn', 'machine learning', 'matplotlib']",7678,0,
data scientist,senior,on-site,company_233,"Bethesda, MD . On-site",a month ago,"Reston, VA, US",Technology,Public,"27,400",Public,"€77,773 - €140,587","['amazon', 'aws', 'git', 'r', 'python', 'docker', 'sql', 'kubernetes', 'hadoop']",77773140587,0,27400
data scientist,senior,on-site,company_916,United States,7 days ago,"Columbus, OH, US",Technology,Public,"1,300",Public,"€115,088 - €143,858","['aws', 'git', 'r', 'python', 'sql', 'machine learning']",1.15E+11,0,1300
data scientist,senior,on-site,company_392,"Cincinnati, OH",a month ago,"Jacksonville, FL, US",Finance,Public,"62,040",€35.42B,"€161,759 - €271,723","['spark', 'sql', 'machine learning', 'python']",1.62E+11,35.42,62040
data scientist,midlevel,uknown,company_941,"Pune, Maharashtra, India",14 days ago,"Dublin, IE",Technology,Public,"492,235",€152.95B,"€12,730 - €26,190","['r', 'python', 'java', 'sql', 'database', 'machine learning']",1273026190,152.95,492235
data scientist,senior,remote,company_625,Fully Remote,6 months ago,"San Francisco, CA, US",Energy,Private,90,Private,"€168,968 - €210,068",[],1.69E+11,0,90
machine learning engineer,senior,uknown,company_941,"Bengaluru, Karnataka, India",14 days ago,"Dublin, IE",Technology,Public,"492,235",€153.20B,"€10,525 - €26,186","['sql', 'python']",1052526186,153.2,492235
data scientist,Uknown,on-site,company_096,"San Francisco, California, United States . On-site",a month ago,"San Francisco, CA, US",Finance,Private,950,€11.58B,"€138,831 - €173,538",[],1.39E+11,11.58,950
data scientist,senior,uknown,company_375,"Singapore, Singapore",5 days ago,"Singapore, SG",Technology,Public,"36,130",Public,"€104,657 - €128,182","['spark', 'aws', 'git', 'python', 'sql', 'gcp', 'deep learning', 'azure', 'tensorflow']",1.05E+11,0,36130
data scientist,senior,uknown,company_985,"Madrid, Community of Madrid, Spain",13 days ago,"Chicago, IL, US",Finance,Private,"312,010",Private,"€28,046",[],28046,0,312010
data scientist,senior,on-site,company_251,"Augusta, GA",14 days ago,"Roseland, NJ, US",Technology,Public,"65,140",Public,"€58,366 - €156,348","['aws', 'powerbi', 'r', 'python', 'sql', 'machine learning', 'tableau']",58366156348,0,65140
data scientist,senior,on-site,company_273,"Redmond, WA",16 days ago,"Menlo Park, CA, US",Technology,Public,"94,580",€230.42B,"€132,436 - €186,322","['sql', 'machine learning', 'r', 'python']",1.32E+11,230.42,94580
data scientist,senior,remote,company_969,"San Jose, California, United States . Fully Remote",15 days ago,"Purchase, NY, US",Healthcare,Public,"4,560",Public,"€155,267 - €182,667",[],1.55E+11,0,4560
data scientist,senior,on-site,company_003,"Sunnyvale, CA",16 days ago,"Bentonville, AR, US",Retail,Public,€352.44B,Public,"€130,608 - €261,214","['spark', 'r', 'python', 'scala', 'sql', 'machine learning', 'tensorflow']",1.31E+11,0,35244
data scientist,senior,on-site,company_316,"Noida, Uttar Pradesh, India",21 days ago,"Eden Prairie, MN, US",Healthcare,Public,"37,990",Public,"€29,800 - €32,904","['pytorch', 'aws', 'git', 'r', 'python', 'docker', 'scikit-learn', 'deep learning', 'machine learning', 'gcp', 'kubernetes', 'keras', 'azure', 'tensorflow']",2980032904,0,37990
data scientist,lead,uknown,company_244,"Bengaluru, Karnataka, India",15 days ago,"New York, NY, US",Finance,Public,"290,740",€350.02B,"€27,555 - €43,659","['sql', 'aws', 'tableau']",2755543659,350.02,290740
data scientist,senior,uknown,company_844,"Mountain View, CA",a month ago,"Mountain View, CA, US",Technology,Public,"17,050",€94.39B,"€173,536","['sql', 'machine learning', 'tableau', 'python']",173536,94.39,17050
data scientist,senior,on-site,company_310,Antwerp Metropolitan Area,2 days ago,"Arlington, VA, US",Technology,Public,"20,020",Public,"€99,006","['machine learning', 'database']",99006,0,20020
data scientist,senior,on-site,company_992,"San Francisco, CA",14 days ago,"Sydney, NSW, AU",Technology,Public,"6,030",€28.17B,"€211,535 - €282,044","['tableau', 'sql', 'r', 'python']",2.12E+11,28.17,6030
data scientist,senior,on-site,company_860,"Mountain View, California . On-site",18 hours ago,"San Francisco, CA, US",Technology,Private,"2,270",€35.16B,"€209,476",[],209476,35.16,2270
data scientist,junior,hybrid,company_083,"Valladolid, Castilla and Leon, Spain . Sevilla La Nueva, Community of Madrid, Spain . Hybrid",15 days ago,"Paris, IDF, FR",Technology,Private,"263,590",€25.21B,"€32,159","['pandas', 'numpy', 'aws', 'r', 'python', 'scikit-learn', 'machine learning', 'gcp', 'deep learning', 'azure', 'matplotlib']",32159,25.21,263590
machine learning engineer,lead,on-site,company_244,"New York, NY . On-site",a month ago,"New York, NY, US",Finance,Public,"290,790",€350.27B,"€200,933","['pandas', 'numpy', 'pytorch', 'scikit-learn', 'machine learning', 'deep learning', 'tensorflow']",200933,350.27,290790
data scientist,senior,uknown,company_844,"San Diego, CA",14 days ago,"Mountain View, CA, US",Technology,Public,"17,040",€94.49B,"€168,966","['pandas', 'numpy', 'git', 'scikit-learn', 'python', 'linux', 'sql', 'machine learning', 'tableau']",168966,94.49,17040
data scientist,senior,uknown,company_967,Greater Hyderabad Area,10 days ago,"San Diego, CA, US",Technology,Private,950,Private,"€2,283,322","['azure', 'python']",2283322,0,950
data engineer,senior,on-site,company_134,"North Reading, MA",2 days ago,"Seattle, WA, US",Retail,Public,"865,456",€832.91B,"€117,826 - €219,205","['amazon', 'spark', 'python', 'scala', 'sql', 'hadoop', 'machine learning']",1.18E+11,832.91,865456
data scientist,lead,on-site,company_273,"Menlo Park, CA",18 days ago,"Menlo Park, CA, US",Technology,Public,"94,590",€230.42B,"€231,077 - €286,790",['machine learning'],2.31E+11,230.42,94590
data scientist,midlevel,remote,company_421,"Belize City, Belize, Belize . Fully Remote",14 days ago,"Cheyenne, WY, US",Technology,uknown,Private,0,"€25,214","['sql', 'machine learning', 'python']",25214,0,
data scientist,senior,hybrid,company_008,"Chicago, IL . Hybrid",2 months ago,"San Jose, CA, US",Technology,Public,"34,630",€81.66B,"€112,801 - €194,406","['sql', 'machine learning', 'tableau', 'python']",1.13E+11,81.66,34630
data scientist,senior,hybrid,company_983,"Norco, CA . Hybrid",7 days ago,"McLean, VA, US",Technology,Public,"27,040",Public,"€90,420 - €205,499","['pytorch', 'aws', 'scikit-learn', 'python', 'machine learning', 'azure', 'tensorflow']",90420205499,0,27040
machine learning engineer,junior,uknown,company_941,"Bengaluru, Karnataka, India",17 days ago,"Dublin, IE",Technology,Public,"492,225",€153.30B,"€10,524 - €26,185",['machine learning'],1052426185,153.3,492225
data scientist,lead,uknown,company_980,"Bengaluru, Karnataka, India",7 days ago,"Minneapolis, MN, US",Retail,Public,"409,030",€66.89B,"€31,966 - €58,197","['spark', 'machine learning', 'git', 'python']",3196658197,66.89,409030
data scientist,senior,on-site,company_288,"North Las Vegas, NV . On-site",7 days ago,"Reston, VA, US",Technology,Public,"26,050",€62.99B,"€114,170",['machine learning'],114170,62.99,26050
data scientist,senior,on-site,company_355,"Denver, CO",a month ago,"San Francisco, CA, US",Technology,Public,"65,860",€130.79B,"€183,400 - €252,173","['spark', 'r', 'python', 'airflow', 'hadoop']",1.83E+11,130.79,65860
data scientist,senior,on-site,company_555,"Boston, MA",4 days ago,"Boston, MA, US",Finance,Public,"3,070",Public,"€141,567","['kubernetes', 'machine learning', 'python']",141567,0,3070
data scientist,senior,uknown,company_993,"Bengaluru, Karnataka, India",11 days ago,"Chennai, TN, IN",Technology,Private,590,Private,"€23,243","['aws', 'machine learning', 'python']",23243,0,590
data scientist,senior,on-site,company_158,"McLean, VA . 미국 버지니아 McLean",a month ago,"Falls Church, VA, US",Technology,Private,"21,640",Private,"€147,509 - €199,569","['python', 'database', 'linux', 'sql', 'kubernetes', 'keras', 'machine learning', 'tensorflow']",1.48E+11,0,21640
data scientist,midlevel,uknown,company_889,"Brooklyn, NY",6 days ago,"NY, US",Energy,Public,"6,190",Public,"€108,695 - €141,574","['tableau', 'sql', 'r', 'python']",1.09E+11,0,6190
machine learning engineer,midlevel,uknown,company_941,"Bengaluru, Karnataka, India",14 days ago,"Dublin, IE",Technology,Public,"492,255",€153.15B,"€10,524 - €26,185","['azure', 'machine learning', 'python']",1052426185,153.15,492255
data scientist,senior,on-site,company_410,On-site,4 months ago,"San Francisco, CA, US",Technology,Private,320,Private,"€28,127",[],28127,0,320
data scientist,senior,on-site,company_316,"Dublin, County Dublin, Ireland",14 days ago,"Eden Prairie, MN, US",Healthcare,Public,"37,950",Public,"€67,978 - €93,603","['sql', 'azure', 'machine learning', 'python']",6797893603,0,37950
data scientist,senior,on-site,company_273,"Washington, DC",18 days ago,"Menlo Park, CA, US",Technology,Public,"94,570",€230.52B,"€132,441 - €186,327","['sql', 'machine learning', 'r', 'python']",1.32E+11,230.52,94570
data scientist,senior,on-site,company_273,"Austin, TX",18 days ago,"Menlo Park, CA, US",Technology,Public,"94,530",€230.57B,"€132,434 - €186,320","['sql', 'machine learning', 'r', 'python']",1.32E+11,230.57,94530
data engineer,senior,on-site,company_134,"Seattle, WA",21 days ago,"Seattle, WA, US",Retail,Public,"865,456",€832.81B,"€109,603 - €219,202","['amazon', 'aws']",1.10E+11,832.81,865456
data scientist,senior,uknown,company_207,"Singapore, Singapore . シンガポール シンガポール",a month ago,"Boise, ID, US",Technology,Public,"40,060",€55.44B,"€43,549 - €48,973","['java', 'sql', 'git', 'python']",4354948973,55.44,40060
data scientist,senior,uknown,company_134,"Bengaluru, Karnataka, India . Gurugram, Haryana, India . Hyderabad, Telangana, India",a month ago,"Seattle, WA, US",Retail,Public,"865,446",€833.06B,"€68,388 - €109,537","['amazon', 'spark', 'r', 'python', 'sql', 'machine learning', 'hadoop', 'deep learning']",68388109537,833.06,865446
data scientist,senior,on-site,company_134,"New York, NY",a month ago,"Seattle, WA, US",Retail,Public,"865,416",€833.01B,"€146,134 - €164,401","['amazon', 'r', 'python', 'neural network', 'sql', 'machine learning', 'deep learning']",1.46E+11,833.01,865416
machine learning engineer,senior,uknown,company_291,"Bengaluru East, Karnataka, India",21 days ago,"Bengaluru, KA, IN",Technology,Public,"261,050",€71.08B,"€9,584","['deep learning', 'aws', 'machine learning', 'azure']",9584,71.08,261050
machine learning engineer,senior,on-site,company_883,"Bengaluru, Karnataka, India",10 days ago,"Walldorf, BW, DE",Technology,Public,"117,790",€104.06B,"€19,599","['git', 'docker', 'java', 'sql', 'database']",19599,104.06,117790
data scientist,senior,hybrid,company_214,"Washington, DC . Hybrid",14 days ago,"Montréal, QC, CA",Technology,Public,"57,270",€17.10B,"€105,769","['r', 'python', 'sql', 'machine learning', 'matplotlib', 'tableau']",105769,17.1,57270
data scientist,senior,uknown,company_980,"Bengaluru, Karnataka, India",21 days ago,"Minneapolis, MN, US",Retail,Public,"409,070",€66.94B,"€31,967 - €58,198","['spark', 'python', 'sql', 'machine learning', 'deep learning']",3196758198,66.94,409070
data scientist,lead,on-site,company_395,"Chicago, IL",21 days ago,"McLean, VA, US",Retail,Public,"55,150",€36.28B,"€262,859 - €300,031","['aws', 'r', 'python', 'scala', 'machine learning', 'database', 'deep learning']",2.63E+11,36.28,55150
data scientist,junior,hybrid,company_008,"Austin, TX . Chicago, IL . Hybrid",a month ago,"San Jose, CA, US",Technology,Public,"34,690",€81.71B,"€112,804 - €194,409","['sql', 'database']",1.13E+11,81.71,34690
data scientist,midlevel,hybrid,company_983,"Washington, DC . Hybrid",14 days ago,"McLean, VA, US",Technology,Public,"27,040",Public,"€70,880 - €160,751","['sql', 'machine learning', 'python']",70880160751,0,27040
data scientist,senior,on-site,company_489,"Toronto, Ontario, Canada",14 days ago,"Chicago, IL, US",Manufacturing,Public,"18,900",Public,"€91,610 - €114,535","['spark', 'machine learning', 'r', 'python']",91610114535,0,18900
data scientist,lead,on-site,company_244,"Columbus, OH . On-site",a month ago,"New York, NY, US",Finance,Public,"290,750",€350.17B,"€155,271","['sql', 'machine learning', 'tableau', 'python']",155271,350.17,290750
data scientist,senior,on-site,company_445,On-site,20 hours ago,"Ventura, CA, US",Technology,Public,"2,270",Public,"€94,259 - €172,805",[],94259172805,0,2270
data scientist,lead,uknown,company_270,"Wellesley Hills, MA",14 days ago,"Woonsocket, RI, US",Healthcare,Public,"300,020",€121.27B,"€131,704 - €263,406","['sql', 'r', 'python']",1.32E+11,121.27,300020
data scientist,midlevel,on-site,company_316,"Noida, Uttar Pradesh, India",6 days ago,"Eden Prairie, MN, US",Healthcare,Public,"37,940",Public,"€18,195","['r', 'python', 'sql', 'hadoop', 'machine learning']",18195,0,37940
data scientist,senior,uknown,company_250,"Birmingham, MI",a month ago,"Paris, FR",Healthcare,Private,"76,060",Private,"€69,597 - €86,951","['pandas', 'aws', 'scikit-learn', 'python', 'sql', 'machine learning', 'gcp', 'azure']",6959786951,0,76060
machine learning engineer,senior,uknown,company_941,"Bengaluru, Karnataka, India",14 days ago,"Dublin, IE",Technology,Public,"492,225",€153.30B,"€10,525 - €26,186","['azure', 'machine learning', 'python']",1052526186,153.3,492225
data scientist,senior,on-site,company_310,"Doral, FL",2 days ago,"Arlington, VA, US",Technology,Public,"20,010",Public,"€63,112 - €129,236","['r', 'python', 'sql', 'machine learning', 'tableau']",63112129236,0,20010
data scientist,senior,uknown,company_763,"Gurugram, Haryana, India . Hyderabad, Telangana, India",6 days ago,"New York, NY, US",Technology,Public,"26,640",Public,"€18,678","['pytorch', 'aws', 'git', 'python', 'java', 'gcp', 'azure', 'tensorflow']",18678,0,26640
data scientist,lead,uknown,company_993,"Bengaluru, Karnataka, India",7 days ago,"Chennai, TN, IN",Technology,Private,590,Private,"€23,240","['pytorch', 'aws', 'python', 'docker', 'machine learning', 'gcp', 'deep learning', 'azure', 'tensorflow']",23240,0,590
data scientist,junior,hybrid,company_313,"Toronto, Ontario, Canada . Markham, Ontario, Canada . Hybrid",14 days ago,"London, GB",Finance,Public,"29,530",Public,"€73,455",['python'],73455,0,29530
machine learning engineer,senior,hybrid,company_233,"San Diego, CA . Hybrid",a month ago,"Reston, VA, US",Technology,Public,"27,390",Public,"€115,179 - €208,201",['r'],1.15E+11,0,27390
data scientist,senior,uknown,company_223,"London, England, United Kingdom",a month ago,"New York, NY, US",Technology,Public,"10,030",Public,"€76,372","['powerbi', 'python', 'sql', 'machine learning', 'tableau']",76372,0,10030
machine learning engineer,senior,uknown,company_106,"Pune, Maharashtra, India",4 days ago,"København, DK",Logistics,Private,"38,120",€34.27B,"€26,752","['spark', 'aws', 'powerbi', 'python', 'docker', 'sql', 'machine learning', 'gcp', 'kubernetes', 'deep learning', 'azure']",26752,34.27,38120
data scientist,Uknown,on-site,company_888,On-site,5 days ago,"London, GB",Technology,Private,600,Private,"€112,341",[],112341,0,600
data scientist,senior,on-site,company_917,"Mountain View, CA . New York, NY . San Bruno, CA",14 days ago,"Mountain View, CA, US",Technology,Public,"258,800",€1.39T,"€179,934 - €265,787","['sql', 'r', 'python']",1.80E+11,1.39,258800
data scientist,lead,on-site,company_395,"Richmond, VA",a month ago,"McLean, VA, US",Retail,Public,"55,140",€36.08B,"€192,716 - €219,933","['spark', 'aws', 'r', 'python', 'scala', 'database', 'sql', 'machine learning', 'kubernetes', 'deep learning']",1.93E+11,36.08,55140
data scientist,senior,hybrid,company_983,"Fort Meade, MD . Hybrid",23 days ago,"McLean, VA, US",Technology,Public,"27,070",Public,"€90,424 - €205,503","['machine learning', 'python']",90424205503,0,27070
data scientist,senior,on-site,company_003,"Sunnyvale, CA",18 days ago,"Bentonville, AR, US",Retail,Public,€352.44B,Public,"€130,611 - €261,217","['pytorch', 'spark', 'r', 'python', 'scala', 'java', 'machine learning', 'deep learning', 'tensorflow']",1.31E+11,0,35244
data scientist,senior,uknown,company_212,"Bengaluru, Karnataka, India",a month ago,"Boston, MA, US",Technology,Public,"222,500",Public,"€17,919","['pytorch', 'spark', 'aws', 'python', 'sql', 'machine learning', 'gcp', 'hadoop', 'azure', 'tensorflow']",17919,0,222500
data scientist,senior,uknown,company_134,"Gurugram, Haryana, India . Bengaluru, Karnataka, India . Hyderabad, Telangana, India . Gurgaon, Haryana, India . Gurgaon, Haryana, Inde + 1 More",a month ago,"Seattle, WA, US",Retail,Public,"865,476",€833.01B,"€51,263 - €109,545","['amazon', 'spark', 'r', 'python', 'sql', 'machine learning', 'hadoop', 'deep learning']",51263109545,833.01,865476
data scientist,senior,hybrid,company_183,"Tallinn, Harjumaa, Estonia . Hybrid",a month ago,"Tallinn, EE",Technology,Private,"3,790",Private,"€61,775","['pandas', 'numpy', 'spark', 'aws', 'scikit-learn', 'python', 'docker', 'airflow', 'machine learning', 'deep learning']",61775,0,3790
data scientist,senior,uknown,company_993,"Bengaluru, Karnataka, India",a month ago,"Chennai, TN, IN",Technology,Private,590,Private,"€23,238","['pytorch', 'aws', 'python', 'docker', 'machine learning', 'gcp', 'deep learning', 'azure', 'tensorflow']",23238,0,590
machine learning engineer,lead,on-site,company_244,"Seattle, WA . On-site",22 days ago,"New York, NY, US",Finance,Public,"290,760",€350.07B,"€196,372","['pandas', 'numpy', 'pytorch', 'scikit-learn', 'machine learning', 'deep learning', 'tensorflow']",196372,350.07,290760
data scientist,senior,uknown,company_614,Ukraine,7 days ago,"Austin, TX, US",Technology,Private,"10,210",Private,"€65,766","['amazon', 'deep learning', 'machine learning', 'python']",65766,0,10210
data scientist,senior,uknown,company_171,"Bengaluru, Karnataka, India",20 days ago,"Armonk, NY, US",Technology,Public,"524,588",€119.33B,"€33,047 - €52,697","['database', 'machine learning', 'java']",3304752697,119.33,524588
data scientist,midlevel,hybrid,company_357,"Irving, TX . Basking Ridge, NJ . Ashburn, VA . Hybrid",14 days ago,"Basking Ridge, NJ, US",Technology,Public,"132,030",€142.18B,"€115,081",[],115081,142.18,132030
machine learning engineer,midlevel,uknown,company_941,"Bengaluru, Karnataka, India",14 days ago,"Dublin, IE",Technology,Public,"492,205",€153.20B,"€10,526 - €26,187","['sql', 'python']",1052626187,153.2,492205
data scientist,Uknown,hybrid,company_851,"Chicago, Illinois, United States . Hybrid",2 months ago,"Edison, NJ, US",Technology,Private,"3,560",Private,"€127,872 - €137,005",[],1.28E+11,0,3560
data scientist,senior,on-site,company_395,"San Jose, CA",15 days ago,"McLean, VA, US",Retail,Public,"55,140",€36.03B,"€158,011 - €180,296","['pytorch', 'aws', 'database', 'machine learning', 'tensorflow']",1.58E+11,36.03,55140
data scientist,Uknown,remote,company_415,Fully Remote,5 days ago,"New York, NY, US",Technology,Private,900,€4.60B,"€164,405",[],164405,4.6,900
data scientist,senior,uknown,company_233,"Tampa, FL",7 days ago,"Reston, VA, US",Technology,Public,"27,420",Public,"€77,776 - €140,590","['pytorch', 'aws', 'r', 'python', 'docker', 'scikit-learn', 'sql', 'machine learning', 'gcp', 'kubernetes', 'deep learning', 'azure', 'matplotlib', 'tensorflow', 'tableau']",77776140590,0,27420
data scientist,senior,on-site,company_310,"Annapolis Junction, MD",a month ago,"Arlington, VA, US",Technology,Public,"20,030",Public,"€66,405 - €136,274","['sql', 'machine learning', 'r', 'python']",66405136274,0,20030
data scientist,lead,uknown,company_244,"Bengaluru, Karnataka, India",7 days ago,"New York, NY, US",Finance,Public,"290,770",€350.37B,"€27,553 - €43,657","['machine learning', 'python']",2755343657,350.37,290770
data scientist,senior,uknown,company_917,"Zurich, Zurich, Switzerland",5 days ago,"Mountain View, CA, US",Technology,Public,"258,810",€1.44T,"€148,524 - €185,955",[],1.49E+11,1.44,258810
data scientist,lead,on-site,company_041,"South San Francisco, CA",16 days ago,"BS, CH",Healthcare,Public,"93,570",€246.93B,"€159,837","['pytorch', 'aws', 'machine learning', 'gcp', 'azure', 'tensorflow']",159837,246.93,93570
data scientist,midlevel,remote,company_421,"San Salvador, San Salvador, El Salvador . Fully Remote",14 days ago,"Cheyenne, WY, US",Technology,uknown,Private,0,"€25,213","['sql', 'machine learning', 'python']",25213,0,
data scientist,lead,uknown,company_366,"Columbia, MD",a month ago,"Columbia, MD, US",Technology,Private,180,Private,"€100,474 - €146,140","['pytorch', 'spark', 'aws', 'r', 'python', 'scikit-learn', 'scala', 'sql', 'machine learning', 'gcp', 'azure', 'tensorflow']",1.00E+11,0,180
data scientist,senior,on-site,company_937,"Atlanta, GA",2 months ago,"Atlanta, GA, US",Retail,Public,"500,010",Public,"€116,908","['sql', 'tableau', 'python']",116908,0,500010
data scientist,senior,hybrid,company_848,"Cambridge, MA . Hybrid",14 days ago,"Basel, BS, CH",Healthcare,Public,"107,730",€161.15B,"€120,837 - €224,408","['r', 'python']",1.21E+11,161.15,107730
data scientist,senior,hybrid,company_980,"Brooklyn Park, MN . Hybrid",21 days ago,"Minneapolis, MN, US",Retail,Public,"409,060",€66.99B,"€86,769 - €156,182","['python', 'scala', 'sql', 'machine learning', 'hadoop', 'deep learning']",86769156182,66.99,409060
data scientist,Uknown,hybrid,company_851,"Chennai, Tamil Nadu, India . Hybrid",2 months ago,"Edison, NJ, US",Technology,Private,"3,520",Private,"€34,569",[],34569,0,3520
data scientist,senior,on-site,company_003,"Bentonville, AR",16 days ago,"Bentonville, AR, US",Retail,Public,€352.44B,Public,"€98,645 - €197,284","['spark', 'r', 'python', 'scala', 'sql', 'machine learning', 'tensorflow']",98645197284,0,35244
data scientist,senior,on-site,company_985,"Málaga, Andalusia, Spain",7 days ago,"Chicago, IL, US",Finance,Private,"312,060",Private,"€28,046","['pandas', 'numpy', 'python', 'machine learning', 'azure']",28046,0,312060
data scientist,senior,hybrid,company_994,"Malvern, PA . Hybrid",4 days ago,"Malvern, PA, US",Finance,Private,"20,600",Private,"€115,087 - €127,874",['machine learning'],1.15E+11,0,20600
machine learning engineer,lead,on-site,company_244,"New York, NY . On-site",a month ago,"New York, NY, US",Finance,Public,"290,740",€350.12B,"€164,408","['pandas', 'numpy', 'pytorch', 'scikit-learn', 'machine learning', 'deep learning', 'tensorflow']",164408,350.12,290740
machine learning engineer,junior,on-site,company_881,"San Jose, CA",8 months ago,CN,Technology,Private,"110,010",€128.22B,"€132,436 - €228,335","['pytorch', 'python', 'neural network', 'machine learning', 'deep learning', 'tensorflow']",1.32E+11,128.22,110010
data scientist,senior,on-site,company_917,"Sunnyvale, CA",14 days ago,"Mountain View, CA, US",Technology,Public,"258,790",€1.44T,"€207,334 - €292,273","['sql', 'r', 'python']",2.07E+11,1.44,258790
data scientist,senior,on-site,company_392,"Massachusetts, United States . Massachusetts, Amerika Syarikat",a month ago,"Jacksonville, FL, US",Finance,Public,"62,030",€35.07B,"€157,012 - €263,789","['spark', 'aws', 'python', 'sql', 'machine learning', 'gcp', 'azure']",1.57E+11,35.07,62030
data scientist,senior,hybrid,company_872,"Alpharetta, GA . Hybrid",7 days ago,"Atlanta, GA, US",Finance,Public,"11,060",€18.63B,"€94,080",['machine learning'],94080,18.63,11060
machine learning engineer,midlevel,uknown,company_941,"Bengaluru, Karnataka, India",14 days ago,"Dublin, IE",Technology,Public,"492,205",€153.25B,"€10,529 - €26,190","['pytorch', 'aws', 'python', 'docker', 'machine learning', 'azure', 'tensorflow']",1052926190,153.25,492205
data scientist,senior,hybrid,company_922,"Hartford, CT . Chicago, IL . Columbus, OH . Charlotte, NC . Columbus, Ohio, United States + 1 More . Hybrid",2 months ago,"Hartford, CT, US",Finance,Public,"18,170",€21.70B,"€101,126 - €151,688","['pandas', 'git', 'python', 'sql', 'matplotlib']",1.01E+11,21.7,18170
machine learning engineer,senior,on-site,company_931,"Seattle, WA",14 days ago,"Seattle, WA, US",Technology,Public,"26,050",Public,"€252,999","['scala', 'machine learning', 'python']",252999,0,26050
data scientist,senior,remote,company_832,"California, United States",8 days ago,"Renton, WA, US",Healthcare,uknown,"120,050",Nonprofit,"€159,841","['r', 'python', 'scala', 'sql', 'machine learning', 'database', 'azure', 'tableau']",159841,0,120050
data scientist,senior,hybrid,company_081,"New York, NY . Hybrid",7 days ago,"San Francisco, CA, US",Technology,Public,"5,030",€4.47B,"€135,178 - €168,971",[],1.35E+11,4.47,5030
data scientist,senior,hybrid,company_291,"Alpharetta, GA . Hybrid",7 days ago,"Bengaluru, KA, IN",Technology,Public,"261,070",€71.33B,"€85,860 - €150,249","['pytorch', 'spark', 'aws', 'r', 'python', 'scala', 'java', 'sql', 'machine learning', 'gcp', 'deep learning', 'azure', 'tensorflow', 'tableau']",85860150249,71.33,261070
data scientist,lead,uknown,company_268,"Singapore, Singapore",20 days ago,"Singapore, SG",Finance,Public,"30,840",Public,"€67,039","['spark', 'git', 'python', 'sql', 'machine learning', 'hadoop', 'deep learning']",67039,0,30840
machine learning engineer,senior,on-site,company_883,"Newport Beach, CA",19 days ago,"Walldorf, BW, DE",Technology,Public,"117,760",€104.21B,"€114,169 - €127,869","['pytorch', 'machine learning', 'database', 'deep learning', 'tensorflow']",1.14E+11,104.21,117760
data scientist,senior,on-site,company_134,"Seattle, WA . Santa Clara, CA",11 days ago,"Seattle, WA, US",Retail,Public,"865,476",€832.76B,"€149,803 - €168,061","['amazon', 'aws', 'r', 'python', 'sql', 'machine learning', 'tableau']",1.50E+11,832.76,865476
data scientist,senior,hybrid,company_357,"Irving, TX . Lake Mary, FL . Basking Ridge, NJ . Boston, MA . Hybrid",6 days ago,"Basking Ridge, NJ, US",Technology,Public,"132,040",€142.23B,"€73,984","['pandas', 'numpy', 'pytorch', 'spark', 'r', 'python', 'java', 'sklearn', 'sql', 'machine learning', 'keras', 'deep learning', 'matplotlib', 'tensorflow', 'tableau']",73984,142.23,132040
data scientist,senior,uknown,company_931,"Bengaluru, Karnataka, India",13 days ago,"Seattle, WA, US",Technology,Public,"26,090",Public,"€32,733","['sql', 'tableau', 'python']",32733,0,26090
data scientist,senior,remote,company_236,Canada . Fully Remote,14 days ago,"Miami, FL, US",Technology,Private,30,Private,"€137,004 - €155,270","['sql', 'machine learning', 'tableau', 'python']",1.37E+11,0,30
data scientist,senior,on-site,company_233,"Bethesda, MD . On-site",a month ago,"Reston, VA, US",Technology,Public,"27,410",Public,"€95,587 - €172,786","['amazon', 'aws', 'git', 'r', 'python', 'docker', 'sql', 'kubernetes', 'hadoop']",95587172786,0,27410
data scientist,midlevel,on-site,company_316,"Noida, Uttar Pradesh, India",7 days ago,"Eden Prairie, MN, US",Healthcare,Public,"37,950",Public,"€18,199","['spark', 'python', 'sql', 'machine learning', 'deep learning']",18199,0,37950
data scientist,senior,uknown,company_878,"Noida, Uttar Pradesh, India . Bengaluru, Karnataka, India",16 days ago,"San Jose, CA, US",Technology,Public,"21,300",€144.67B,"€29,932 - €37,411","['pandas', 'numpy', 'pytorch', 'spark', 'aws', 'python', 'scala', 'sql', 'hadoop', 'machine learning', 'keras', 'azure']",2993237411,144.67,21300
data scientist,senior,hybrid,company_781,"Greenwood Village, CO . Hybrid",9 days ago,"Stamford, CT, US",Technology,Public,"96,040",Public,"€80,559","['pytorch', 'aws', 'python', 'sql', 'machine learning', 'hadoop', 'azure', 'tensorflow']",80559,0,96040
data scientist,senior,on-site,company_021,On-site,2 days ago,"San Francisco, CA, US",Technology,Public,"5,570",€60.91B,"€189,974",[],189974,60.91,5570
data scientist,senior,on-site,company_288,"Chantilly, VA . On-site",a month ago,"Reston, VA, US",Technology,Public,"26,040",€63.09B,"€114,169","['aws', 'azure']",114169,63.09,26040
data scientist,midlevel,remote,company_421,"Quito, Pichincha, Ecuador . Fully Remote",14 days ago,"Cheyenne, WY, US",Technology,uknown,Private,0,"€25,216","['sql', 'machine learning', 'python']",25216,0,
data scientist,midlevel,remote,company_421,"Podgorica, Montenegro . Fully Remote",14 days ago,"Cheyenne, WY, US",Technology,uknown,Private,0,"€25,212","['sql', 'machine learning', 'python']",25212,0,
data scientist,senior,hybrid,company_983,"Hickam Village, HI . Hybrid",14 days ago,"McLean, VA, US",Technology,Public,"27,020",Public,"€90,425 - €205,504","['pandas', 'numpy', 'pytorch', 'spark', 'aws', 'scikit-learn', 'python', 'docker', 'java', 'machine learning', 'gcp', 'kubernetes', 'hadoop', 'azure', 'matplotlib', 'tensorflow']",90425205504,0,27020
data scientist,lead,uknown,company_366,"Hyderabad, Telangana, India",6 days ago,"Columbia, MD, US",Technology,Private,180,Private,"€19,776","['pandas', 'numpy', 'aws', 'r', 'python', 'machine learning', 'gcp', 'azure']",19776,0,180
data scientist,senior,on-site,company_992,"San Francisco, CA",7 days ago,"Sydney, NSW, AU",Technology,Public,"6,040",€27.92B,"€184,128 - €240,389","['tableau', 'sql', 'r', 'python']",1.84E+11,27.92,6040
data scientist,senior,on-site,company_917,"Mountain View, CA",14 days ago,"Mountain View, CA, US",Technology,Public,"258,800",€1.29T,"€167,139 - €247,512","['sql', 'r', 'python']",1.67E+11,1.29,258800
data scientist,senior,hybrid,company_008,"Chennai, Tamil Nadu, India . Hybrid",21 days ago,"San Jose, CA, US",Technology,Public,"34,640",€81.66B,"€33,313 - €42,993","['r', 'python', 'sql', 'gcp', 'machine learning']",3331342993,81.66,34640
data scientist,senior,uknown,company_375,"Singapore, Singapore",2 months ago,"Singapore, SG",Technology,Public,"36,090",Public,"€104,650 - €128,175","['pytorch', 'python', 'scala', 'machine learning', 'deep learning', 'tensorflow']",1.05E+11,0,36090
data scientist,senior,on-site,company_366,"Hyderabad, Telangana, India",4 days ago,"Columbia, MD, US",Technology,Private,180,Private,"€19,777","['pandas', 'numpy', 'aws', 'r', 'python', 'machine learning', 'gcp', 'azure']",19777,0,180
data scientist,junior,uknown,company_269,"Charlotte, NC . New York, NY",23 days ago,"Charlotte, NC, US",Finance,Public,"274,250",€276.77B,"€132,436 - €146,136","['machine learning', 'matplotlib', 'python']",1.32E+11,276.77,274250
data scientist,senior,uknown,company_250,"New York, NY",3 months ago,"Paris, FR",Healthcare,Private,"76,030",Private,"€66,122 - €99,997","['pandas', 'numpy', 'aws', 'scikit-learn', 'python', 'machine learning', 'azure']",6612299997,0,76030
data scientist,senior,on-site,company_288,"Reston, VA . On-site",a month ago,"Reston, VA, US",Technology,Public,"26,030",€62.74B,"€114,169","['pytorch', 'aws', 'r', 'python', 'scikit-learn', 'sql', 'machine learning', 'tensorflow', 'tableau']",114169,62.74,26030
data scientist,senior,hybrid,company_081,"New York, NY . Hybrid",7 days ago,"San Francisco, CA, US",Technology,Public,"5,030",€4.72B,"€135,177 - €168,970",[],1.35E+11,4.72,5030
data scientist,midlevel,hybrid,company_008,"Tondiarpet, Tamil Nadu, India . Bengaluru, Karnataka, India . Hybrid",7 days ago,"San Jose, CA, US",Technology,Public,"34,640",€81.81B,"€24,064 - €45,170","['pytorch', 'scikit-learn', 'python', 'machine learning', 'tensorflow']",2406445170,81.81,34640
machine learning engineer,senior,on-site,company_156,"Mountain View, California (HQ) . On-site",7 days ago,"Mountain View, CA, US",Technology,Private,900,€8.10B,"€167,893 - €252,056",[],1.68E+11,8.1,900
data scientist,senior,on-site,company_980,"Bengaluru, Karnataka, India",2 months ago,"Minneapolis, MN, US",Retail,Public,"409,050",€66.89B,"€31,213 - €58,200","['spark', 'machine learning', 'python']",3121358200,66.89,409050
machine learning engineer,junior,on-site,company_881,"San Jose, CA",14 days ago,CN,Technology,Private,"110,010",€128.02B,"€132,436 - €216,919","['pytorch', 'python', 'machine learning', 'deep learning', 'tensorflow']",1.32E+11,128.02,110010
data scientist,senior,hybrid,company_083,"London, England, United Kingdom . Londýn, Anglie, Spojené království . Hybrid",3 months ago,"Paris, IDF, FR",Technology,Private,"263,560",€25.31B,"€73,983","['pytorch', 'aws', 'scikit-learn', 'docker', 'deep learning', 'machine learning', 'kubernetes', 'keras', 'azure', 'tensorflow']",73983,25.31,263560
data scientist,senior,uknown,company_134,"North Reading, MA",a month ago,"Seattle, WA, US",Retail,Public,"865,456",€832.91B,"€155,274 - €182,674","['amazon', 'r', 'python', 'sql', 'machine learning']",1.55E+11,832.91,865456
data scientist,senior,hybrid,company_183,"Berlin, Berlin, Germany . Hybrid",7 days ago,"Tallinn, EE",Technology,Private,"3,800",Private,"€98,643","['sql', 'r', 'python']",98643,0,3800
data scientist,senior,on-site,company_291,"Atlanta, GA",16 days ago,"Bengaluru, KA, IN",Technology,Public,"261,010",€71.23B,"€85,861 - €150,250","['pytorch', 'spark', 'aws', 'r', 'python', 'scala', 'java', 'sql', 'machine learning', 'gcp', 'deep learning', 'azure', 'tensorflow', 'tableau']",85861150250,71.23,261010
data scientist,senior,on-site,company_308,"Mountain View, CA",14 days ago,"Redmond, WA, US",Technology,Public,"182,308",€1.73T,"€144,680 - €235,647","['sql', 'python']",1.45E+11,1.73,182308
data scientist,senior,uknown,company_270,"Boston, MA . บอสตัน, รัฐแมสซาชูเซตส์, สหรัฐ",2 months ago,"Woonsocket, RI, US",Healthcare,Public,"300,050",€121.17B,"€131,703 - €263,405","['aws', 'python', 'sql', 'machine learning', 'gcp', 'azure']",1.32E+11,121.17,300050
data scientist,senior,remote,company_038,"Stockholm, Stockholm County, Sweden",7 days ago,"Kista, SE",Technology,Public,"132,000",€17.41B,"€52,506","['spark', 'scikit-learn', 'python', 'scala', 'java', 'machine learning', 'keras', 'deep learning', 'tensorflow']",52506,17.41,132000
data scientist,senior,uknown,company_993,"Chennai, Tamil Nadu, India",11 days ago,"Chennai, TN, IN",Technology,Private,590,Private,"€23,239","['aws', 'scikit-learn', 'python', 'machine learning', 'gcp', 'keras', 'deep learning', 'tensorflow']",23239,0,590
data scientist,Uknown,remote,company_169,Fully Remote,2 days ago,"San Francisco, CA, US",Technology,Public,"4,110",€7.79B,"€158,829 - €178,648",[],1.59E+11,7.79,4110
data scientist,senior,hybrid,company_008,"Bengaluru, Karnataka, India . Hybrid",8 days ago,"San Jose, CA, US",Technology,Public,"34,680",€82.45B,"€33,111 - €47,625",[],3311147625,82.45,34680
data scientist,midlevel,hybrid,company_983,"Herndon, VA . Hybrid",8 days ago,"McLean, VA, US",Technology,Public,"27,010",Public,"€71,394 - €161,915","['aws', 'machine learning', 'python']",71394161915,0,27010
data scientist,midlevel,on-site,company_395,"McLean, VA . McLean, Virgínia, Estados Unidos",a month ago,"McLean, VA, US",Retail,Public,"55,090",€36.49B,"€159,156 - €181,602","['spark', 'aws', 'r', 'python', 'scala', 'sql', 'machine learning', 'database', 'deep learning']",1.59E+11,36.49,55090
data scientist,senior,on-site,company_003,"Bentonville, AR . On-site",18 days ago,"Bentonville, AR, US",Retail,Public,€354.99B,Public,"€82,797 - €165,590","['spark', 'r', 'python', 'scala', 'sql', 'machine learning', 'tensorflow']",82797165590,0,35499
machine learning engineer,senior,uknown,company_941,"Bengaluru, Karnataka, India",8 days ago,"Dublin, IE",Technology,Public,"492,205",€154.06B,"€20,441","['aws', 'gcp', 'azure']",20441,154.06,492205
data scientist,senior,hybrid,company_008,"Scottsdale, AZ . Chicago, IL . Austin, TX . Scottsdale, Arizona, United States . Hybrid",3 months ago,"San Jose, CA, US",Technology,Public,"34,690",€82.10B,"€113,614 - €195,810","['hadoop', 'sql']",1.14E+11,82.1,34690
data scientist,midlevel,hybrid,company_983,"Annapolis Junction, MD . Fort Meade, MD . Hybrid",6 days ago,"McLean, VA, US",Technology,Public,"27,030",Public,"€71,396 - €161,917","['linux', 'machine learning', 'r', 'python']",71396161917,0,27030
data scientist,senior,on-site,company_003,"Sunnyvale, CA",17 days ago,"Bentonville, AR, US",Retail,Public,€354.99B,Public,"€107,637 - €215,269","['numpy', 'pytorch', 'spark', 'r', 'python', 'scikit-learn', 'scala', 'bash', 'java', 'sql', 'machine learning', 'gcp', 'deep learning', 'matplotlib', 'tensorflow']",1.08E+11,0,35499
data scientist,senior,on-site,company_003,"Sunnyvale, CA",17 days ago,"Bentonville, AR, US",Retail,Public,€354.99B,Public,"€131,555 - €263,105","['numpy', 'pytorch', 'spark', 'r', 'python', 'scikit-learn', 'scala', 'bash', 'java', 'sql', 'machine learning', 'gcp', 'deep learning', 'matplotlib', 'tensorflow']",1.32E+11,0,35499
data scientist,midlevel,on-site,company_917,"Boulder, CO",5 days ago,"Mountain View, CA, US",Technology,Public,"258,780",€1.45T,"€152,711 - €224,466","['sql', 'r', 'python']",1.53E+11,1.45,258780
data scientist,senior,on-site,company_134,"Santa Barbara, CA . Bellevue, WA",18 days ago,"Seattle, WA, US",Retail,Public,"865,436",€839.03B,"€160,991","['amazon', 'r', 'python', 'sql', 'tableau']",160991,839.03,865436
data scientist,senior,on-site,company_134,"Bellevue, WA . New York, United States . Santa Monica, CA",a month ago,"Seattle, WA, US",Retail,Public,"865,466",€838.83B,"€150,883 - €178,472","['amazon', 'aws', 'r', 'python', 'sql', 'machine learning', 'tableau']",1.51E+11,838.83,865466
machine learning engineer,midlevel,uknown,company_941,"Bengaluru, Karnataka, India",15 days ago,"Dublin, IE",Technology,Public,"492,195",€154.41B,"€10,605 - €26,380","['sql', 'python']",1060526380,154.41,492195
data scientist,senior,on-site,company_003,"Sunnyvale, CA",7 days ago,"Bentonville, AR, US",Retail,Public,€354.99B,Public,"€107,641 - €215,273","['pytorch', 'spark', 'r', 'python', 'scala', 'machine learning', 'tensorflow']",1.08E+11,0,35499
data scientist,senior,hybrid,company_983,"McLean, VA . Hybrid",a day ago,"McLean, VA, US",Technology,Public,"27,060",Public,"€91,081 - €206,992","['spark', 'python', 'sql', 'hadoop', 'machine learning']",91081206992,0,27060
data scientist,midlevel,hybrid,company_395,"Richmond, VA . Hybrid",14 days ago,"McLean, VA, US",Retail,Public,"55,110",€36.64B,"€145,905 - €166,511","['spark', 'aws', 'r', 'python', 'scala', 'sql', 'machine learning', 'database', 'deep learning']",1.46E+11,36.64,55110
data scientist,senior,hybrid,company_008,"San Jose, CA . Hybrid",a month ago,"San Jose, CA, US",Technology,Public,"34,670",€82.45B,"€140,294 - €241,349",[],1.40E+11,82.45,34670
data scientist,senior,on-site,company_917,"New York, NY . Sunnyvale, CA",15 days ago,"Mountain View, CA, US",Technology,Public,"258,790",€1.20T,"€208,832 - €294,386","['sql', 'r', 'python']",2.09E+11,1.2,258790
data scientist,lead,on-site,company_244,"Plano, TX . Plano, Texas, Spojené státy . On-site",a month ago,"New York, NY, US",Finance,Public,"290,790",€352.75B,"€137,997","['spark', 'aws', 'r', 'python', 'scikit-learn', 'sql', 'machine learning']",137997,352.75,290790
data scientist,senior,uknown,company_134,"Bengaluru, Karnataka, India",21 days ago,"Seattle, WA, US",Retail,Public,"865,416",€838.78B,"€29,758 - €110,330","['amazon', 'r', 'python', 'sql', 'machine learning']",29758110330,838.78,865416
data scientist,midlevel,on-site,company_395,"New York, NY . New York, New York, Statele Unite Ale Americii",a month ago,"McLean, VA, US",Retail,Public,"55,130",€36.34B,"€159,150 - €181,596","['spark', 'aws', 'r', 'python', 'scala', 'sql', 'machine learning', 'database', 'deep learning']",1.59E+11,36.34,55130
data scientist,senior,uknown,company_844,"Atlanta, GA",a month ago,"Mountain View, CA, US",Technology,Public,"17,050",€95.37B,"€174,789","['tableau', 'sql', 'r', 'python']",174789,95.37,17050
data scientist,senior,uknown,company_083,"Noida, Uttar Pradesh, India",a month ago,"Paris, IDF, FR",Technology,Private,"263,610",€25.44B,"€4,082 - €10,125","['git', 'r', 'python', 'linux', 'sql', 'tableau']",408210125,25.44,263610
data scientist,senior,on-site,company_941,"Annapolis Junction, MD",25 days ago,"Dublin, IE",Technology,Public,"492,255",€154.26B,"€129,163 - €244,062","['machine learning', 'python']",1.29E+11,154.26,492255
data scientist,lead,on-site,company_273,"Bellevue, WA",12 days ago,"Menlo Park, CA, US",Technology,Public,"94,570",€232.09B,"€189,513 - €258,507","['sql', 'machine learning', 'r', 'python']",1.90E+11,232.09,94570
data scientist,lead,uknown,company_244,"London, England, United Kingdom",8 days ago,"New York, NY, US",Finance,Public,"290,800",€352.90B,"€116,803","['deep learning', 'python']",116803,352.9,290800
data scientist,senior,on-site,company_003,"Bentonville, AR",15 days ago,"Bentonville, AR, US",Retail,Public,€354.99B,Public,"€101,194 - €202,387","['pytorch', 'spark', 'r', 'python', 'scala', 'opencv', 'machine learning', 'deep learning', 'tensorflow']",1.01E+11,0,35499
data scientist,senior,uknown,company_844,"Mountain View, CA",15 days ago,"Mountain View, CA, US",Technology,Public,"17,030",€95.17B,"€170,195","['pandas', 'numpy', 'git', 'scikit-learn', 'python', 'linux', 'sql', 'machine learning', 'tableau']",170195,95.17,17030
data scientist,senior,uknown,company_134,"Hyderabad, Telangana, India",a month ago,"Seattle, WA, US",Retail,Public,"865,476",€838.73B,"€44,815 - €99,272","['amazon', 'aws', 'r', 'python', 'scala', 'sql', 'machine learning', 'tableau']",4481599272,838.73,865476
data scientist,lead,on-site,company_273,United States,5 days ago,"Menlo Park, CA, US",Technology,Public,"94,580",€231.89B,"€232,749 - €288,865",['machine learning'],2.33E+11,231.89,94580
machine learning engineer,senior,uknown,company_941,"Bengaluru, Karnataka, India",8 days ago,"Dublin, IE",Technology,Public,"492,215",€154.11B,"€20,445","['aws', 'gcp', 'azure']",20445,154.11,492215
data scientist,senior,hybrid,company_003,"Bellevue, WA . Hybrid",15 days ago,"Bentonville, AR, US",Retail,Public,€354.99B,Public,"€143,514 - €287,023","['pytorch', 'aws', 'python', 'docker', 'machine learning', 'gcp', 'kubernetes', 'azure', 'tensorflow']",1.44E+11,0,35499
machine learning engineer,junior,on-site,company_881,"San Jose, CA",14 days ago,CN,Technology,Private,"110,050",€129.19B,"€126,724 - €218,487","['pytorch', 'python', 'neural network', 'machine learning', 'deep learning', 'tensorflow']",1.27E+11,129.19,110050
data scientist,senior,on-site,company_134,"Arlington, VA . West Hollywood, CA . New York, United States . Austin, TX . Palo Alto, CA + 2 More",25 days ago,"Seattle, WA, US",Retail,Public,"865,466",€839.03B,"€160,994 - €178,472","['amazon', 'aws', 'r', 'python', 'scala', 'sql', 'machine learning', 'tableau']",1.61E+11,839.03,865466
data scientist,midlevel,on-site,company_395,"New York, NY",a month ago,"McLean, VA, US",Retail,Public,"55,090",€36.49B,"€159,157 - €181,603","['spark', 'aws', 'r', 'python', 'scala', 'sql', 'machine learning', 'database', 'deep learning']",1.59E+11,36.49,55090
data scientist,midlevel,on-site,company_273,"Burlingame, CA",19 days ago,"Menlo Park, CA, US",Technology,Public,"94,570",€231.94B,"€159,153 - €222,628","['sql', 'machine learning', 'r', 'python']",1.59E+11,231.94,94570
data scientist,senior,on-site,company_134,"Seattle, WA",a month ago,"Seattle, WA, US",Retail,Public,"865,476",€838.83B,"€119,600 - €220,792","['amazon', 'aws', 'r', 'python', 'sql', 'machine learning']",1.20E+11,838.83,865476
data scientist,senior,on-site,company_134,"Nashville, TN . Bellevue, WA . Austin, TX . Arlington, VA . Bellevue, Washington, United States",11 days ago,"Seattle, WA, US",Retail,Public,"865,446",€839.08B,"€118,676 - €220,788","['amazon', 'spark', 'r', 'python', 'sql', 'hadoop']",1.19E+11,839.08,865446
machine learning engineer,midlevel,uknown,company_941,"Bengaluru, Karnataka, India",15 days ago,"Dublin, IE",Technology,Public,"492,255",€154.41B,"€10,605 - €26,380","['sql', 'python']",1060526380,154.41,492255
data scientist,senior,hybrid,company_008,"Bengaluru, Karnataka, India . Hybrid",8 days ago,"San Jose, CA, US",Technology,Public,"34,670",€82.20B,"€33,117 - €47,631",[],3311747631,82.2,34670
machine learning engineer,midlevel,uknown,company_941,"Bengaluru, Karnataka, India",15 days ago,"Dublin, IE",Technology,Public,"492,215",€154.16B,"€10,602 - €26,377","['pytorch', 'aws', 'python', 'docker', 'machine learning', 'azure', 'tensorflow']",1060226377,154.16,492215
data scientist,midlevel,on-site,company_134,"Seattle, WA",24 days ago,"Seattle, WA, US",Retail,Public,"865,436",€838.98B,"€110,400 - €220,791","['amazon', 'r', 'python', 'sql', 'machine learning']",1.10E+11,838.98,865436
data scientist,senior,hybrid,company_008,"Scottsdale, AZ . Hybrid",2 months ago,"San Jose, CA, US",Technology,Public,"34,660",€82.25B,"€104,879 - €211,591","['sql', 'powerbi', 'tableau', 'python']",1.05E+11,82.25,34660
data scientist,senior,on-site,company_917,"Mountain View, CA",5 days ago,"Mountain View, CA, US",Technology,Public,"258,770",€1.40T,"€129,716 - €185,832","['sql', 'r', 'python']",1.30E+11,1.4,258770
machine learning engineer,midlevel,on-site,company_244,"Palo Alto, CA . Palo Alto, California, United States . On-site",a month ago,"New York, NY, US",Finance,Public,"290,770",€352.55B,"€131,552","['pandas', 'numpy', 'pytorch', 'scikit-learn', 'machine learning', 'deep learning', 'tensorflow']",131552,352.55,290770
data scientist,lead,uknown,company_244,"Hyderabad, Telangana, India . Haidarábád, Telangána, Indie",a month ago,"New York, NY, US",Finance,Public,"290,770",€352.85B,"€54,950","['pytorch', 'machine learning', 'tensorflow', 'python']",54950,352.85,290770
data scientist,senior,uknown,company_171,"Bengaluru, Karnataka, India . Bangalore, Karnataka, India",22 days ago,"Armonk, NY, US",Technology,Public,"524,628",€120.24B,"€33,283 - €53,075","['docker', 'kubernetes', 'java']",3328353075,120.24,524628
machine learning engineer,senior,uknown,company_941,"Bengaluru, Karnataka, India",8 days ago,"Dublin, IE",Technology,Public,"492,225",€154.11B,"€20,445","['aws', 'gcp', 'azure']",20445,154.11,492225
data scientist,lead,on-site,company_244,"New York, NY . On-site",21 days ago,"New York, NY, US",Finance,Public,"290,760",€352.90B,"€165,589","['machine learning', 'r', 'python']",165589,352.9,290760
data scientist,senior,hybrid,company_003,"Sunnyvale, CA . Hybrid",15 days ago,"Bentonville, AR, US",Retail,Public,€354.99B,Public,"€183,991","['spark', 'r', 'python', 'scala', 'sql', 'machine learning', 'tensorflow']",183991,0,35499
data scientist,midlevel,on-site,company_134,"North Reading, MA . North Reading, Massachusetts, USA",a month ago,"Seattle, WA, US",Retail,Public,"865,416",€839.03B,"€122,355 - €220,787","['amazon', 'python', 'sql', 'hadoop', 'machine learning']",1.22E+11,839.03,865416
machine learning engineer,midlevel,uknown,company_941,"Bengaluru, Karnataka, India",19 days ago,"Dublin, IE",Technology,Public,"492,235",€154.36B,"€10,604 - €26,379",['machine learning'],1060426379,154.36,492235
data scientist,senior,on-site,company_917,"Dublin, County Dublin, Ireland",8 days ago,"Mountain View, CA, US",Technology,Public,"258,760",€1.50T,"€112,544","['sql', 'r', 'python']",112544,1.5,258760
data scientist,senior,on-site,company_003,"Sunnyvale, CA",17 days ago,"Bentonville, AR, US",Retail,Public,€354.99B,Public,"€131,557 - €263,107","['spark', 'r', 'python', 'scala', 'sql', 'machine learning', 'tensorflow']",1.32E+11,0,35499
data scientist,midlevel,on-site,company_917,"Mountain View, CA",7 days ago,"Mountain View, CA, US",Technology,Public,"258,810",€1.20T,"€129,712 - €185,828","['sql', 'r', 'python']",1.30E+11,1.2,258810
data engineer,senior,on-site,company_134,"Seattle, WA",3 months ago,"Seattle, WA, US",Retail,Public,"865,476",€839.08B,"€119,600 - €220,792","['amazon', 'aws']",1.20E+11,839.08,865476
data scientist,lead,uknown,company_244,"London, England, United Kingdom",19 days ago,"New York, NY, US",Finance,Public,"290,750",€352.75B,"€92,773 - €146,026",[],92773146026,352.75,290750
data scientist,lead,on-site,company_273,"Menlo Park, CA",12 days ago,"Menlo Park, CA, US",Technology,Public,"94,580",€231.89B,"€189,510 - €258,504","['sql', 'machine learning', 'r', 'python']",1.90E+11,231.89,94580
data scientist,midlevel,on-site,company_395,"McLean, VA",17 days ago,"McLean, VA, US",Retail,Public,"55,090",€36.34B,"€159,154 - €181,600","['spark', 'aws', 'r', 'python', 'scala', 'sql', 'machine learning', 'database', 'deep learning']",1.59E+11,36.34,55090
data scientist,lead,on-site,company_395,"New York, NY",21 days ago,"McLean, VA, US",Retail,Public,"55,150",€36.34B,"€264,761 - €302,202","['aws', 'r', 'python', 'scala', 'machine learning', 'database', 'deep learning']",2.65E+11,36.34,55150
data scientist,senior,on-site,company_273,"Burlingame, CA",a month ago,"Menlo Park, CA, US",Technology,Public,"94,560",€231.94B,"€159,157 - €222,632","['sql', 'machine learning', 'r', 'python']",1.59E+11,231.94,94560
data scientist,senior,uknown,company_844,"San Diego, CA",22 days ago,"Mountain View, CA, US",Technology,Public,"17,030",€95.22B,"€163,752","['r', 'python', 'sql', 'machine learning', 'tableau']",163752,95.22,17030
data scientist,senior,on-site,company_134,"Austin, TX . Bellevue, WA . New York, United States",a month ago,"Seattle, WA, US",Retail,Public,"865,416",€839.08B,"€156,391","['amazon', 'r', 'python', 'sql', 'machine learning']",156391,839.08,865416
data scientist,lead,on-site,company_395,"New York, NY",a month ago,"McLean, VA, US",Retail,Public,"55,140",€36.44B,"€194,110 - €221,524","['spark', 'aws', 'r', 'python', 'scala', 'sql', 'machine learning', 'database', 'deep learning']",1.94E+11,36.44,55140
data scientist,senior,uknown,company_171,"Hyderabad, Telangana, India",15 days ago,"Armonk, NY, US",Technology,Public,"524,568",€120.34B,"€27,474 - €53,079","['database', 'machine learning', 'java']",2747453079,120.34,524568
data scientist,senior,hybrid,company_983,"Arlington, VA . Hybrid",4 days ago,"McLean, VA, US",Technology,Public,"27,010",Public,"€91,075 - €206,986","['spark', 'r', 'python', 'sql', 'hadoop', 'machine learning']",91075206986,0,27010
data scientist,senior,uknown,company_844,"San Diego, CA",9 days ago,"Mountain View, CA, US",Technology,Public,"17,050",€95.27B,"€163,754","['r', 'python', 'sql', 'machine learning', 'tableau']",163754,95.27,17050
data scientist,senior,on-site,company_134,"Seattle, WA . Cupertino, CA",a month ago,"Seattle, WA, US",Retail,Public,"865,416",€838.73B,"€110,396 - €220,787","['amazon', 'aws', 'r', 'python', 'sql', 'machine learning']",1.10E+11,838.73,865416
data scientist,lead,on-site,company_244,"Columbus, OH . On-site",11 days ago,"New York, NY, US",Finance,Public,"290,780",€352.70B,"€137,996","['pandas', 'numpy', 'pytorch', 'spark', 'aws', 'scikit-learn', 'python', 'sql', 'keras', 'machine learning', 'tensorflow']",137996,352.7,290780
data scientist,midlevel,on-site,company_273,"New York, NY",a month ago,"Menlo Park, CA, US",Technology,Public,"94,560",€232.14B,"€133,392 - €187,668","['sql', 'machine learning', 'r', 'python']",1.33E+11,232.14,94560
machine learning engineer,senior,uknown,company_941,"Bengaluru, Karnataka, India",8 days ago,"Dublin, IE",Technology,Public,"492,215",€154.16B,"€20,440","['aws', 'gcp', 'azure']",20440,154.16,492215
data scientist,senior,on-site,company_134,"Seattle, WA . Arlington, VA",8 days ago,"Seattle, WA, US",Retail,Public,"865,466",€838.88B,"€110,393 - €220,784","['amazon', 'spark', 'r', 'python', 'sql', 'hadoop', 'machine learning']",1.10E+11,838.88,865466
data scientist,senior,on-site,company_917,"Mountain View, CA",5 days ago,"Mountain View, CA, US",Technology,Public,"258,810",€1.45T,"€208,825 - €294,379","['sql', 'r', 'python']",2.09E+11,1.45,258810
data scientist,senior,on-site,company_395,"San Jose, CA",13 days ago,"McLean, VA, US",Retail,Public,"55,110",€36.49B,"€133,489 - €152,347","['pytorch', 'aws', 'r', 'python', 'scala', 'sql', 'database', 'machine learning']",1.33E+11,36.49,55110
data scientist,midlevel,hybrid,company_008,"Chicago, IL . Hybrid",2 months ago,"San Jose, CA, US",Technology,Public,"34,650",€82.45B,"€113,614 - €195,810","['r', 'python', 'sql', 'machine learning', 'tableau']",1.14E+11,82.45,34650
data scientist,senior,on-site,company_134,"Palo Alto, CA . Austin, TX . West Hollywood, CA . Arlington, VA . Seattle, WA + 1 More",8 days ago,"Seattle, WA, US",Retail,Public,"865,466",€838.88B,"€118,677 - €220,789","['amazon', 'r', 'python', 'scala', 'sql', 'machine learning']",1.19E+11,838.88,865466
data scientist,senior,on-site,company_273,"Bellevue, WA",7 days ago,"Menlo Park, CA, US",Technology,Public,"94,590",€231.94B,"€133,394 - €187,670","['spark', 'powerbi', 'r', 'python', 'sql', 'machine learning', 'tableau']",1.33E+11,231.94,94590
data scientist,senior,uknown,company_917,"Bengaluru, Karnataka, India",23 days ago,"Mountain View, CA, US",Technology,Public,"258,810",€1.45T,"€42,805","['sql', 'r', 'python']",42805,1.45,258810
data scientist,midlevel,uknown,company_244,"London, England, United Kingdom",7 days ago,"New York, NY, US",Finance,Public,"290,800",€352.70B,"€97,625","['sql', 'machine learning', 'python']",97625,352.7,290800
data scientist,senior,uknown,company_844,"New York, NY",8 days ago,"Mountain View, CA, US",Technology,Public,"17,030",€95.07B,"€170,193","['tableau', 'sql', 'r', 'python']",170193,95.07,17030
data scientist,senior,on-site,company_003,"Bentonville, AR",17 days ago,"Bentonville, AR, US",Retail,Public,€354.99B,Public,"€131,559 - €263,109","['pytorch', 'spark', 'r', 'python', 'scala', 'machine learning', 'azure', 'tensorflow']",1.32E+11,0,35499
data scientist,senior,on-site,company_003,"Sunnyvale, CA",19 days ago,"Bentonville, AR, US",Retail,Public,€354.99B,Public,"€107,640 - €215,272","['numpy', 'pytorch', 'spark', 'r', 'python', 'scikit-learn', 'scala', 'bash', 'java', 'sql', 'machine learning', 'gcp', 'deep learning', 'matplotlib', 'tensorflow']",1.08E+11,0,35499
data scientist,junior,on-site,company_030,Belarus,6 days ago,"Newtown, PA, US",Technology,Public,"49,540",Public,"€22,087","['spark', 'aws', 'python', 'sql', 'machine learning', 'gcp', 'azure']",22087,0,49540
data scientist,lead,on-site,company_917,"San Bruno, CA",8 days ago,"Mountain View, CA, US",Technology,Public,"258,770",€1.20T,"€181,232 - €267,706","['sql', 'r', 'python']",1.81E+11,1.2,258770
machine learning engineer,senior,hybrid,company_008,"San Jose, CA . Hybrid",a month ago,"San Jose, CA, US",Technology,Public,"34,630",€82.10B,"€172,950 - €298,014","['pytorch', 'python', 'sql', 'machine learning', 'gcp', 'hadoop', 'deep learning', 'tensorflow']",1.73E+11,82.1,34630
data scientist,senior,on-site,company_003,"Bentonville, AR",18 days ago,"Bentonville, AR, US",Retail,Public,€354.99B,Public,"€101,193 - €202,386","['pytorch', 'spark', 'r', 'python', 'scala', 'neural network', 'machine learning', 'deep learning', 'tensorflow']",1.01E+11,0,35499
data scientist,lead,on-site,company_273,"Bellevue, WA",19 days ago,"Menlo Park, CA, US",Technology,Public,"94,590",€232.19B,"€232,745 - €288,861",['machine learning'],2.33E+11,232.19,94590
data scientist,senior,on-site,company_917,"Mountain View, CA",15 days ago,"Mountain View, CA, US",Technology,Public,"258,810",€1.35T,"€181,229 - €267,703","['sql', 'r', 'python']",1.81E+11,1.35,258810
data scientist,midlevel,on-site,company_134,"Seattle, WA",2 days ago,"Seattle, WA, US",Retail,Public,"865,446",€839.08B,"€110,401 - €220,792","['amazon', 'r', 'python', 'sql', 'machine learning']",1.10E+11,839.08,865446
data scientist,senior,on-site,company_917,"Mountain View, CA",5 days ago,"Mountain View, CA, US",Technology,Public,"258,820",€1.45T,"€168,348 - €249,302","['sql', 'r', 'python']",1.68E+11,1.45,258820
machine learning engineer,midlevel,uknown,company_941,"Bengaluru, Karnataka, India",22 days ago,"Dublin, IE",Technology,Public,"492,205",€154.11B,"€10,603 - €26,378",['machine learning'],1060326378,154.11,492205
data scientist,senior,remote,company_083,"Gothenburg, Västra Götaland County, Sweden . Fully Remote",5 days ago,"Paris, IDF, FR",Technology,Private,"263,570",€25.49B,"€60,795","['pandas', 'amazon', 'pytorch', 'aws', 'git', 'python', 'docker', 'sql', 'kubernetes', 'azure']",60795,25.49,263570
data scientist,senior,on-site,company_395,"San Jose, CA",16 days ago,"McLean, VA, US",Retail,Public,"55,130",€36.44B,"€159,156 - €181,602","['pytorch', 'aws', 'r', 'python', 'scala', 'sql', 'database', 'machine learning']",1.59E+11,36.44,55130
data scientist,lead,uknown,company_291,"Delhi Cantonment, Delhi, India",4 days ago,"Bengaluru, KA, IN",Technology,Public,"261,030",€71.50B,"€9,657",[],9657,71.5,261030
data scientist,senior,on-site,company_003,"San Bruno, CA",17 days ago,"Bentonville, AR, US",Retail,Public,€354.99B,Public,"€131,556 - €263,106","['spark', 'r', 'python', 'scala', 'sql', 'machine learning', 'tensorflow']",1.32E+11,0,35499
data scientist,senior,on-site,company_134,"Bellevue, WA . Austin, TX . Nashville, TN . Tempe, AZ",16 days ago,"Seattle, WA, US",Retail,Public,"865,476",€838.83B,"€156,392 - €178,470","['amazon', 'aws', 'r', 'python', 'sql', 'tableau']",1.56E+11,838.83,865476
data scientist,senior,uknown,company_083,"Camden, NJ",4 months ago,"Paris, IDF, FR",Technology,Private,"263,580",€25.34B,"€80,371 - €124,381","['r', 'python', 'sql', 'machine learning', 'azure']",80371124381,25.34,263580
data scientist,senior,hybrid,company_008,"San Jose, CA . Hybrid",a month ago,"San Jose, CA, US",Technology,Public,"34,670",€82.20B,"€113,612 - €195,808","['tableau', 'sql', 'r', 'python']",1.14E+11,82.2,34670
data scientist,senior,on-site,company_917,"Chicago, IL . Sunnyvale, CA",20 days ago,"Mountain View, CA, US",Technology,Public,"258,790",€1.50T,"€181,235 - €267,709","['sql', 'machine learning', 'r', 'python']",1.81E+11,1.5,258790
data scientist,senior,on-site,company_134,"New York, United States . Los Angeles Metropolitan Area . Seattle, WA . Austin, TX . Arlington, VA + 2 More",7 days ago,"Seattle, WA, US",Retail,Public,"865,426",€838.88B,"€137,999 - €165,596","['amazon', 'r', 'python', 'scala', 'sql', 'machine learning']",1.38E+11,838.88,865426
data scientist,senior,on-site,company_844,"San Francisco, CA",5 days ago,"Mountain View, CA, US",Technology,Public,"17,020",€95.27B,"€164,672 - €171,572","['sql', 'machine learning', 'r', 'python']",1.65E+11,95.27,17020
data scientist,senior,on-site,company_244,"New York, NY . On-site",6 days ago,"New York, NY, US",Finance,Public,"290,780",€352.80B,"€133,114 - €193,194","['pandas', 'numpy', 'python', 'sql', 'machine learning', 'tableau']",1.33E+11,352.8,290780
data scientist,midlevel,on-site,company_244,"Plano, TX . On-site",6 days ago,"New York, NY, US",Finance,Public,"290,800",€352.60B,"€124,196 - €197,790","['pytorch', 'spark', 'python', 'sql', 'keras', 'machine learning', 'tensorflow']",1.24E+11,352.6,290800
data engineer,senior,uknown,company_134,"Vancouver, British Columbia, Canada",21 days ago,"Seattle, WA, US",Retail,Public,"865,426",€838.83B,"€95,034 - €158,785","['amazon', 'aws', 'python', 'scala', 'java', 'airflow', 'sql']",95034158785,838.83,865426
data scientist,midlevel,on-site,company_273,"Bellevue, WA",19 days ago,"Menlo Park, CA, US",Technology,Public,"94,580",€232.09B,"€159,150 - €222,625","['sql', 'machine learning', 'r', 'python']",1.59E+11,232.09,94580
data scientist,senior,on-site,company_003,"Sunnyvale, CA",17 days ago,"Bentonville, AR, US",Retail,Public,€354.99B,Public,"€131,554 - €263,104","['spark', 'r', 'python', 'scala', 'sql', 'machine learning', 'tensorflow']",1.32E+11,0,35499
machine learning engineer,senior,on-site,company_134,"Seattle, WA",6 days ago,"Seattle, WA, US",Retail,Public,"865,436",€838.98B,"€110,395 - €220,786","['amazon', 'machine learning']",1.10E+11,838.98,865436
machine learning engineer,midlevel,uknown,company_941,"Bengaluru, Karnataka, India . Bangalore, Karnataka, India",21 days ago,"Dublin, IE",Technology,Public,"492,245",€154.21B,"€10,601 - €26,376",['machine learning'],1060126376,154.21,492245
data scientist,midlevel,uknown,company_881,"Singapore, Singapore",a month ago,CN,Technology,Private,"110,010",€129.04B,"€57,958 - €103,129","['sql', 'machine learning', 'r', 'python']",57958103129,129.04,110010
data scientist,senior,hybrid,company_003,"Bentonville, AR . Hybrid",18 days ago,"Bentonville, AR, US",Retail,Public,€354.99B,Public,"€131,552 - €263,102","['pytorch', 'spark', 'r', 'python', 'scala', 'java', 'airflow', 'sql', 'machine learning', 'deep learning', 'keras', 'azure', 'tensorflow']",1.32E+11,0,35499
data scientist,senior,uknown,company_844,"Mountain View, CA",8 days ago,"Mountain View, CA, US",Technology,Public,"17,050",€95.37B,"€170,195","['spark', 'r', 'python', 'sql', 'tableau']",170195,95.37,17050
data scientist,senior,on-site,company_917,"Los Angeles, CA . Mountain View, CA",15 days ago,"Mountain View, CA, US",Technology,Public,"258,790",€1.15T,"€129,711 - €185,827","['spark', 'r', 'python', 'sql', 'hadoop', 'machine learning']",1.30E+11,1.15,258790
data scientist,senior,hybrid,company_008,"Bengaluru, Karnataka, India . Hybrid",8 days ago,"San Jose, CA, US",Technology,Public,"34,650",€82.40B,"€24,239 - €47,626","['sql', 'machine learning', 'python']",2423947626,82.4,34650
data scientist,senior,uknown,company_171,"Bengaluru, Karnataka, India",a day ago,"Armonk, NY, US",Technology,Public,"524,598",€120.29B,"€33,288 - €53,080","['pytorch', 'python', 'sql', 'machine learning', 'deep learning', 'tensorflow']",3328853080,120.29,524598
machine learning engineer,senior,uknown,company_134,"Melbourne, Victoria, Australia",a month ago,"Seattle, WA, US",Retail,Public,"865,456",€838.78B,"€64,290","['amazon', 'machine learning']",64290,838.78,865456
data scientist,midlevel,on-site,company_395,"McLean, VA",11 days ago,"McLean, VA, US",Retail,Public,"55,150",€36.29B,"€145,904 - €166,510","['spark', 'aws', 'r', 'python', 'scala', 'sql', 'database', 'machine learning']",1.46E+11,36.29,55150
data scientist,midlevel,on-site,company_395,"New York, NY",17 days ago,"McLean, VA, US",Retail,Public,"55,110",€36.34B,"€159,149 - €181,595","['spark', 'aws', 'r', 'python', 'scala', 'sql', 'machine learning', 'database', 'deep learning']",1.59E+11,36.34,55110
data scientist,senior,on-site,company_844,"San Diego, CA",8 days ago,"Mountain View, CA, US",Technology,Public,"17,040",€95.22B,"€195,486 - €201,926","['r', 'python', 'scala', 'sql', 'machine learning', 'deep learning']",1.95E+11,95.22,17040
